state_id,state_abbr,year,population,violent_crime,homicide,rape_legacy,rape_revised,robbery,aggravated_assault,property_crime,burglary,larceny,motor_vehicle_theft,arson
2,AL,2015,4853875,22957,348,1449.0,2037.0,4612,15960,144785,35265,99182,10338,770
2,AL,2017,4875120,25469,419,,2001.0,4233,18816,143774,31270,99707,12797,703
2,AL,2010,4785401,18363,275,1355.0,,4864,11869,168828,42484,115564,10780,738
2,AL,2011,4803689,20166,299,1370.0,,4906,13591,173192,51119,111411,10662,795
2,AL,2012,4817528,21693,342,1296.0,,5020,15035,168878,47481,111523,9874,1040
2,AL,2013,4833996,20834,346,1449.0,2055.0,4645,13788,161835,42410,108862,10563,761
2,AL,2014,4846411,20727,276,1425.0,2005.0,4702,13744,154087,39723,104223,10141,1245
2,AL,2016,4860545,25878,407,1380.0,1915.0,4687,18869,143259,34045,97498,11716,1054
2,AL,2018,4887681,25567,383,,2032.0,4047,19105,138702,29101,96328,13273,782
2,AL,2019,4907965,24769,390,,2119.0,3922,18338,128726,24805,91225,12696,2
2,AL,2020,4921532,22322,471,,1608.0,2666,17577,105161,19660,74575,10926,34
1,AK,2010,714146,4537,31,533.0,,594,3379,20259,3105,15535,1619,178
1,AK,2011,723860,4416,30,436.0,,576,3374,19094,2852,14854,1388,222
1,AK,2012,730307,4412,30,583.0,,630,3169,20037,2950,15565,1522,187
1,AK,2015,737709,5391,59,648.0,900.0,761,3671,20806,3511,15249,2046,182
1,AK,2013,737259,4709,34,657.0,925.0,623,3127,21211,2917,16599,1695,154
1,AK,2014,737046,4684,41,553.0,771.0,629,3243,20334,3150,15445,1739,145
1,AK,2017,739786,6338,62,,1074.0,952,4250,26203,4167,17782,4254,139
1,AK,2016,741522,5966,52,754.0,1053.0,850,4011,24876,4053,17766,3057,144
1,AK,2018,735139,6555,47,,1212.0,896,4400,24345,3985,16364,3996,127
1,AK,2019,733603,6346,69,,1102.0,826,4349,21293,3558,15118,2617,208
1,AK,2020,731158,6126,49,,1132.0,712,4233,16528,2775,11784,1969,140
5,AZ,2014,6728783,26422,311,2356.0,3272.0,6225,16614,213406,43412,152683,17311,1764
5,AZ,2013,6634997,27576,355,2344.0,3174.0,6656,17391,223294,48292,158036,16966,1748
5,AZ,2015,6817565,27968,306,2268.0,3109.0,6360,18193,207184,38010,152388,16786,1190
5,AZ,2017,7048876,35647,422,,3622.0,7440,24163,204999,37722,148251,19026,1191
5,AZ,2010,6413158,26528,408,2191.0,,6953,16976,226802,50932,154137,21733,1831
5,AZ,2011,6467315,26789,397,2499.0,,7145,16748,229896,54695,155400,19801,1745
5,AZ,2012,6551149,28077,358,2282.0,,7383,18054,231701,52911,159808,18982,1957
5,AZ,2016,6908642,32542,389,2461.0,3304.0,7045,21804,207317,38216,150618,18483,1144
5,AZ,2018,7158024,34053,383,,3605.0,6509,23556,192730,31787,141789,19154,1709
5,AZ,2019,7291843,32603,397,,3650.0,6305,22251,177628,29170,130427,18031,938
5,AZ,2020,7421401,35980,513,,3263.0,6211,25993,165323,24488,122898,17937,1279
3,AR,2017,3002997,16996,249,,2140.0,1998,12609,94419,22369,64795,7255,540
3,AR,2010,2921588,14711,134,1321.0,,2369,10887,103820,32463,65796,5561,636
3,AR,2011,2938582,14173,160,1230.0,,2357,10426,110430,34016,70645,5769,612
3,AR,2012,2949828,13851,174,1233.0,,2310,10134,109389,32673,70982,5734,567
3,AR,2015,2977853,15769,189,1425.0,2008.0,2117,11455,97391,22851,68720,5820,493
3,AR,2013,2958765,13705,158,1135.0,1490.0,2261,9796,106477,30369,70430,5678,523
3,AR,2014,2966835,14248,175,1291.0,1816.0,2037,10220,99452,24816,69001,5635,460
3,AR,2016,2988231,16563,217,1600.0,2214.0,2125,12007,98092,23814,67091,7187,552
3,AR,2018,3009733,16904,222,,2341.0,1593,12748,89177,19520,62350,7307,529
3,AR,2019,3020985,17547,237,,2420.0,1576,13314,86029,17706,60843,7480,435
3,AR,2020,3030522,20363,321,,2226.0,1577,16239,79200,15854,55413,7933,556
6,CA,2014,38792291,153763,1700,8389.0,11578.0,48681,91804,947193,202669,592673,151851,7147
6,CA,2015,38993940,166883,1861,9341.0,12811.0,52862,99349,1024914,197404,656517,170993,7380
6,CA,2017,39399349,178597,1830,,14724.0,56625,105418,987063,176679,642019,168365,8648
6,CA,2010,37338198,164133,1809,8331.0,,58116,95877,981939,228857,600558,152524,7865
6,CA,2011,37683933,154943,1792,7665.0,,54291,91195,973822,230075,596905,146842,7200
6,CA,2012,37999878,160944,1884,7837.0,,56521,94702,1049465,245767,635090,168608,7411
6,CA,2013,38431393,154739,1746,7464.0,10324.0,53640,89029,1018907,232058,621557,165292,7458
6,CA,2016,39296476,174796,1930,10132.0,13702.0,54789,104375,1002070,188304,637010,176756,7766
6,CA,2018,39461588,176604,1739,,15506.0,54328,105031,941644,164645,621779,155220,8524
6,CA,2019,39437610,174341,1690,,14801.0,52306,105544,921177,152551,626865,141761,8267
6,CA,2020,39368078,174026,2203,,13449.0,44728,113646,842054,145529,528202,168323,11761
7,CO,2010,5047692,16339,129,2230.0,,3164,10816,135001,26196,97534,11271,1021
7,CO,2015,5448819,17348,173,2422.0,3328.0,3315,10532,144044,23490,104532,16022,876
7,CO,2014,5355588,16487,150,2236.0,3089.0,3037,10211,135789,23502,99688,12599,947
7,CO,2017,5615902,20901,222,,4021.0,3868,12790,152032,22618,107470,21944,1052
7,CO,2012,5189458,15951,152,2122.0,,3392,10285,139355,26163,101091,12101,931
7,CO,2013,5272086,16099,174,2198.0,2963.0,3136,9826,139974,25075,102375,12524,853
7,CO,2011,5116302,16085,155,2285.0,,3299,10346,132781,25725,96054,11002,1062
7,CO,2016,5530105,19030,189,2680.0,3635.0,3525,11681,152146,23825,108680,19641,948
7,CO,2018,5691287,22851,215,,4328.0,3781,14527,154292,21757,110518,22017,993
7,CO,2019,5758486,22149,229,,4087.0,3716,14117,150564,20266,108575,21723,899
7,CO,2020,5807719,24570,294,,3652.0,3964,16660,164582,23246,110884,30452,1330
8,CT,2015,3584730,7938,116,585.0,798.0,2925,4099,65610,10286,48898,6426,286
8,CT,2013,3599341,9439,91,647.0,891.0,3551,4906,71274,12934,52099,6241,278
8,CT,2014,3594762,8575,89,579.0,794.0,3172,4520,69326,12017,51195,6114,306
8,CT,2017,3573880,8190,105,,850.0,2813,4422,63646,8906,47418,7322,342
8,CT,2010,3575498,10083,133,595.0,,3553,5802,78259,15145,56413,6701,430
8,CT,2011,3586717,9889,129,689.0,,3689,5382,77205,15468,55067,6670,393
8,CT,2012,3591765,10183,117,933.0,,3709,5424,77169,14787,55904,6478,394
8,CT,2016,3587685,8169,79,580.0,791.0,2711,4588,64875,10107,47642,7126,416
8,CT,2018,3571520,7485,86,,873.0,2205,4321,59356,7983,44181,7192,234
8,CT,2019,3566022,6583,107,,797.0,1942,3737,51076,6468,38616,5992,217
8,CT,2020,3557006,6459,140,,594.0,2033,3692,55670,6656,40592,8422,223
10,DC,2015,670377,8538,162,365.0,494.0,3746,4136,31444,2971,25208,3265,239
10,DC,2013,649111,8415,103,297.0,395.0,4082,3835,31097,3316,24547,3234,2
10,DC,2014,659836,8199,105,349.0,472.0,3497,4125,34147,3466,26898,3783,210
10,DC,2017,695691,6976,116,,444.0,2625,3791,29736,1809,25340,2587,224
10,DC,2010,604912,8026,132,187.0,,4325,3382,28802,4233,19514,5055,49
10,DC,2011,619020,7433,108,173.0,,4094,3058,29654,3850,21347,4457,61
10,DC,2012,633427,7866,88,236.0,,4037,3505,30757,3519,23575,3663,51
10,DC,2016,684336,8236,136,400.0,533.0,3500,4067,32377,2361,27089,2927,206
10,DC,2018,701547,6995,160,,450.0,2415,3970,30726,1788,26345,2593,194
10,DC,2019,708253,7403,166,,345.0,2714,4178,30819,1843,26643,2333,162
10,DC,2020,712816,7127,201,,311.0,2373,4242,24899,1964,19536,3399,207
11,DE,2010,899792,5608,51,326.0,,1839,3392,31078,7550,21593,1935,301
11,DE,2015,944076,4760,62,257.0,361.0,1240,3097,25545,4797,19555,1193,161
11,DE,2017,957078,4377,51,,351.0,1082,2893,23430,3960,18108,1362,138
11,DE,2011,908137,5144,48,307.0,,1558,3231,31163,7617,22001,1545,292
11,DE,2012,917053,5048,56,249.0,,1498,3245,30707,7389,21880,1438,226
11,DE,2013,925240,4633,41,278.0,399.0,1233,2960,29001,6299,21347,1355,172
11,DE,2014,935968,4568,50,274.0,390.0,1271,2857,27915,5765,20885,1265,214
11,DE,2016,952698,4859,58,224.0,311.0,1359,3131,26370,5028,19812,1530,181
11,DE,2018,965479,4079,46,,334.0,861,2838,22405,3154,17780,1471,137
11,DE,2019,976668,4128,47,,329.0,789,2963,21932,2984,17343,1605,129
12,DE,2020,986809,4262,73,,261.0,700,3228,19355,2508,15182,1665,138
12,FL,2013,19600311,91993,972,4765.0,6767.0,23200,61054,607170,138915,433344,34911,1673
12,FL,2014,19905569,91345,982,5038.0,7132.0,21621,61610,583774,121379,426197,36198,1528
12,FL,2015,20244914,93625,1041,5396.0,7552.0,21137,63895,570270,109268,420341,40661,1502
12,FL,2018,21244317,81980,1107,,8438.0,16884,55551,486017,71933,372919,41165,1126
12,FL,2017,20976812,85606,1057,,7936.0,18597,58016,527125,88835,395375,42915,1355
12,FL,2010,18838613,101969,987,5373.0,,26086,69523,669035,169119,458454,41462,1910
12,FL,2011,19082262,98198,984,5273.0,,25622,66319,671200,170171,461408,39621,1787
12,FL,2012,19320749,94087,1009,5260.0,,23889,63929,632988,153563,442095,37330,1747
12,FL,2016,20656589,88700,1111,5527.0,7598.0,20175,59816,553812,100325,410352,43135,1470
12,FL,2019,21492056,81291,1122,,8463.0,16234,55472,460966,63338,358537,39091,1081
12,FL,2020,21733312,83368,1290,,7686.0,13521,60871,384556,52293,293992,38271,1305
13,GA,2013,9994759,37519,563,2022.0,2891.0,12704,21361,339808,83459,229190,27159,1117
13,GA,2015,10199398,38891,622,2343.0,3257.0,12545,22467,316013,68149,220715,27149,880
13,GA,2014,10097132,38955,607,2209.0,3147.0,12786,22415,339146,78029,233359,27758,1057
13,GA,2017,10413055,37118,681,,2646.0,9844,23947,297651,55363,216252,26036,923
13,GA,2018,10511131,35619,647,,2798.0,8499,23675,277803,46816,205631,25356,803
13,GA,2012,9915646,37675,583,2143.0,,12502,22447,339473,86992,223875,28606,1241
13,GA,2010,9712157,39068,555,2107.0,,12372,24034,353449,96947,226161,30341,1191
13,GA,2011,9812460,36762,549,2066.0,,12266,21881,357235,96014,231543,29678,1239
13,GA,2016,10313620,40268,682,2436.0,3381.0,12114,24091,307305,62715,218127,26463,1086
13,GA,2019,10628020,34666,605,,3005.0,7488,23568,294817,37476,234850,22491,652
13,GA,2020,10710017,42850,943,,3420.0,7016,31471,214988,31139,158343,25506,651
15,HI,2010,1363359,3603,25,377.0,,1065,2136,45667,8706,31681,5280,441
15,HI,2011,1378129,3465,20,353.0,,994,2098,43874,8165,31240,4469,357
15,HI,2012,1390090,3378,21,279.0,,1125,1953,43419,7653,31901,3865,312
15,HI,2013,1408987,3585,32,366.0,508.0,934,2111,45266,7777,32928,4561,223
15,HI,2014,1420257,3362,20,388.0,548.0,952,1842,46022,7470,33003,5549,148
15,HI,2017,1424203,3577,39,,567.0,1077,1894,40392,5549,29574,5269,507
15,HI,2016,1428683,3452,35,432.0,601.0,985,1831,42353,5983,30871,5499,485
15,HI,2015,1431603,4201,19,382.0,538.0,1085,1878,45389,6810,33140,5439,417
15,HI,2018,1420593,3622,40,,709.0,951,1922,41027,5709,29600,5718,431
15,HI,2019,1415615,3745,37,,625.0,1079,2004,40617,5534,29878,5205,414
15,HI,2020,1407006,3576,41,,569.0,867,2099,33928,4630,23954,5344,476
17,ID,2010,1571102,3464,22,533.0,,213,2696,31436,6513,23594,1329,239
17,ID,2011,1583744,3202,35,444.0,,188,2535,32875,6915,24629,1331,227
17,ID,2012,1595590,3348,30,495.0,,243,2580,31825,7240,23203,1382,253
17,ID,2015,1652828,3593,32,508.0,703.0,191,2667,28912,6124,20916,1872,254
17,ID,2013,1612843,3471,29,516.0,674.0,220,2548,30230,6693,21999,1538,197
17,ID,2014,1634806,3439,32,463.0,645.0,203,2559,30440,6466,22297,1677,228
17,ID,2017,1718904,4111,42,,755.0,222,3092,28557,5837,20570,2150,182
17,ID,2016,1680026,3876,49,529.0,719.0,213,2895,29357,6318,20962,2077,200
17,ID,2018,1750536,4196,34,,927.0,195,3040,25822,4990,18876,1956,177
17,ID,2019,1789060,4162,28,,918.0,161,3055,22244,4045,16591,1608,154
17,ID,2020,1826913,4432,41,,832.0,174,3385,20313,3731,14815,1767,152
18,IL,2010,12841980,57132,704,3066.0,,20386,32976,349064,77472,242681,28911,2123
18,IL,2011,12859752,54523,781,3030.0,,20217,30495,344468,77719,237362,29387,3096
18,IL,2012,12868192,53556,770,3581.0,,19480,29725,332706,71100,235314,26292,3326
18,IL,2015,12839047,49755,754,3602.0,4926.0,15056,29019,256962,46846,192424,17692,2361
18,IL,2013,12890552,51956,722,3895.0,5340.0,17733,28161,296048,59093,216059,20896,2345
18,IL,2014,12882189,47775,690,3182.0,4329.0,15271,27485,269647,50759,201003,17885,2387
18,IL,2017,12786196,55777,983,,5424.0,17731,31639,255108,43355,190860,20893,1812
18,IL,2016,12835726,56054,1061,3713.0,5003.0,17829,32161,263256,48193,195196,19867,2547
18,IL,2018,12723071,52343,902,,6106.0,14251,31084,246679,39317,187517,19845,1360
18,IL,2019,12667017,52601,851,,6161.0,12660,32929,235033,34789,181225,19019,1311
18,IL,2020,12587530,53612,1151,,5090.0,12261,35110,196287,31020,143935,21332,1591
19,IN,2010,6490622,20983,268,1760.0,,6559,12396,199274,48570,137204,13500,1186
19,IN,2011,6516353,21619,306,1758.0,,6977,12578,206016,50571,140630,14815,1150
19,IN,2012,6537782,22544,307,1661.0,,6601,13975,197994,47689,136668,13637,1216
19,IN,2014,6597880,24105,333,1608.0,2197.0,6894,14681,174909,36909,124144,13856,815
19,IN,2015,6612768,25373,370,1757.0,2386.0,7081,15536,171878,34404,123940,13534,712
19,IN,2013,6570713,23627,357,1623.0,2241.0,7114,13915,187472,42754,130534,14184,1012
19,IN,2017,6660082,26307,413,,2612.0,7035,16247,158932,29799,114395,14738,768
19,IN,2016,6634007,26516,431,1813.0,2449.0,7291,16345,168460,33567,120454,14439,766
19,IN,2018,6695497,25009,418,,2486.0,5737,16368,146948,25894,105861,15193,604
19,IN,2019,6731010,25006,373,,2553.0,5335,16745,131097,21586,95745,13766,712
19,IN,2020,6754953,24161,505,,2348.0,4215,17093,120453,18938,86080,15435,812
16,IA,2012,3075039,8167,49,901.0,,962,6255,70357,17201,49116,4040,552
16,IA,2014,3109481,8484,60,829.0,1150.0,1047,6227,65100,14363,46594,4143,403
16,IA,2015,3121997,8619,73,877.0,1205.0,1050,6291,64688,14977,45328,4383,440
16,IA,2013,3092341,8443,41,873.0,1133.0,937,6332,67976,15918,47803,4255,459
16,IA,2017,3143637,9038,98,,1305.0,1269,6366,65652,14711,45441,5500,424
16,IA,2010,3050202,8191,38,883.0,,1012,6258,68740,16746,48194,3800,484
16,IA,2011,3064097,7883,44,866.0,,824,6149,72043,17573,50472,3998,518
16,IA,2016,3130869,9170,73,941.0,1278.0,1150,6669,65888,15306,45580,5002,375
16,IA,2018,3148618,8303,70,,1126.0,989,6118,57024,12433,39498,5093,301
16,IA,2019,3159596,9086,70,,1365.0,919,6732,58446,12406,40479,5561,348
16,IA,2020,3163561,9601,111,,1289.0,943,7258,53725,11739,35751,6235,419
20,KS,2010,2859143,10602,97,1146.0,,1538,7821,89109,19315,63774,6020,736
20,KS,2011,2870386,10209,111,1122.0,,1448,7528,88655,18712,63259,6684,745
20,KS,2012,2885398,10292,85,1105.0,,1493,7609,91066,18874,65413,6779,812
20,KS,2015,2906721,11483,126,1226.0,1684.0,1823,7850,80059,15619,57435,7005,657
20,KS,2013,2895801,9928,117,1003.0,1295.0,1339,7177,85704,17476,61557,6671,585
20,KS,2017,2910689,11654,134,,1504.0,1633,8383,79387,13102,58891,7394,572
20,KS,2014,2902507,10235,92,1066.0,1483.0,1361,7299,80029,15921,57169,6939,598
20,KS,2016,2907731,11665,132,1193.0,1618.0,1757,8158,82293,14759,60119,7415,528
20,KS,2018,2911359,12861,122,,1664.0,1420,9655,77449,12792,56726,7931,620
20,KS,2019,2912635,11811,95,,1500.0,1157,9059,66306,9996,49420,6890,431
20,KS,2020,2913805,12385,100,,1263.0,928,10094,64077,9655,47193,7229,512
21,KY,2010,4347223,10604,188,1438.0,,3748,5230,111170,30443,74488,6239,691
21,KY,2011,4366814,10465,151,1499.0,,3705,5110,119037,32750,79586,6701,677
21,KY,2012,4379730,9852,201,1312.0,,3547,4792,112800,29877,76199,6724,708
21,KY,2014,4412617,9495,164,1098.0,1556.0,3343,4432,99909,23426,70108,6375,540
21,KY,2015,4424611,9887,219,1165.0,1644.0,3314,4710,97545,22526,67143,7876,374
21,KY,2017,4453874,10292,265,,1817.0,2967,5243,95899,20535,65006,10358,504
21,KY,2013,4399583,9280,172,951.0,1646.0,3247,4215,104448,26331,72048,6069,643
21,KY,2016,4436113,10452,265,1242.0,1748.0,3371,5068,97713,20932,66833,9948,605
21,KY,2018,4461153,9719,250,,1875.0,2469,5125,89235,17462,61313,10460,441
21,KY,2019,4472345,9872,229,,1673.0,2162,5808,85387,15567,59535,10285,454
21,KY,2020,4477251,11600,323,,1371.0,2369,7537,79673,15407,52769,11497,360
22,LA,2010,4545343,25241,500,1230.0,,5297,18214,165667,45437,110260,9970,709
22,LA,2012,4602134,22839,489,1155.0,,5458,15737,162673,42037,112764,7872,572
22,LA,2011,4574766,25373,506,1262.0,,5235,18370,168529,46242,113174,9113,698
22,LA,2013,4629284,24127,494,1248.0,1763.0,5539,16331,165679,41214,115300,9165,472
22,LA,2015,4668960,25202,492,1246.0,1733.0,5561,17416,157708,35457,112520,9731,578
22,LA,2014,4648990,23983,476,981.0,1382.0,5725,16400,161192,38541,113251,9400,628
22,LA,2017,4670818,25986,576,,1850.0,5385,18175,157272,34135,112042,11095,601
22,LA,2016,4686157,26477,555,1329.0,1819.0,5575,18528,154511,34689,109492,10330,535
22,LA,2018,4659690,25314,533,,2105.0,4600,18076,152996,31291,110066,11639,500
22,LA,2019,4658285,26072,547,,2282.0,4129,19114,148429,27440,110123,10866,423
22,LA,2020,4645318,29704,734,,2136.0,3747,23087,133989,23698,97891,12400,450
25,ME,2010,1327379,1621,24,389.0,,412,796,32900,7364,24547,989,254
25,ME,2011,1328544,1638,26,394.0,,370,848,33829,7865,24886,1078,267
25,ME,2012,1328501,1626,26,372.0,,420,808,33398,7476,24931,991,239
25,ME,2014,1330256,1698,21,346.0,484.0,304,889,26427,5035,20591,801,103
25,ME,2015,1329453,1726,23,337.0,461.0,311,931,24361,4694,18853,814,92
25,ME,2013,1328702,1761,24,366.0,495.0,335,907,30454,6480,23063,911,154
25,ME,2017,1335063,1610,23,,470.0,249,868,20142,3337,16012,793,153
25,ME,2016,1330232,1649,20,301.0,413.0,268,948,21908,4001,17131,776,217
25,ME,2018,1339057,1500,23,,447.0,228,802,18201,2712,14712,777,109
25,ME,2019,1345770,1562,22,,520.0,192,828,16791,2360,13705,726,154
25,ME,2020,1350141,1466,22,,486.0,170,788,15610,2009,12739,862,184
24,MD,2014,5975346,26767,362,1144.0,1632.0,9565,15208,150390,28134,109140,13116,989
24,MD,2011,5839572,28817,399,1200.0,,10342,16876,166846,35823,114951,16072,1474
24,MD,2012,5884868,28086,373,1237.0,,10173,16303,162309,33803,113550,14956,1367
24,MD,2015,5994983,28185,538,1209.0,1717.0,10111,15819,142547,26432,102701,13414,968
24,MD,2013,5938737,28235,384,1179.0,1679.0,10048,16124,157918,31950,112551,13417,1205
24,MD,2017,6024891,30321,558,,1712.0,11189,16862,134705,23526,97657,13522,946
24,MD,2010,5785681,31607,426,1228.0,,11054,18899,173309,36704,118578,18027,1597
24,MD,2016,6024752,29019,536,1317.0,1827.0,10815,15841,139716,24832,100995,13889,972
24,MD,2018,6035802,28330,491,,1991.0,9716,16132,122945,18910,91887,12148,665
24,MD,2019,6054954,27511,545,,1944.0,9215,15807,118091,16872,89938,11281,598
24,MD,2020,6055802,24215,553,,1732.0,7174,14756,97487,15261,71757,10469,414
23,MA,2011,6607003,28232,184,1654.0,,6768,19626,148829,36403,101644,10782,565
23,MA,2012,6645303,27047,121,1650.0,,6555,18721,143325,34635,99453,9237,617
23,MA,2010,6555466,30737,214,1784.0,,6897,21842,154496,37903,105124,11469,657
23,MA,2014,6755124,26689,133,1625.0,2202.0,6077,18277,125481,24951,92226,8304,480
23,MA,2013,6708874,27264,138,1722.0,2303.0,6705,18118,137274,30716,97437,9121,512
23,MA,2015,6784240,26453,131,1538.0,2082.0,5266,18974,114547,21826,84676,8045,392
23,MA,2017,6863246,24318,172,,2199.0,4874,17073,97977,16916,73573,7488,387
23,MA,2016,6823721,25975,135,1601.0,2141.0,5365,18334,106430,19204,79155,8071,447
23,MA,2018,6882635,23424,138,,2465.0,4084,16737,87658,14095,66968,6595,293
23,MA,2019,6894883,22662,153,,2244.0,3625,16640,81399,12323,62944,6132,307
23,MA,2020,6893574,21288,160,,1851.0,3015,16262,72602,10323,55444,6835,419
26,MI,2014,9916306,42555,544,4500.0,6364.0,8037,27610,202692,44328,137142,21222,1705
26,MI,2010,9877143,48693,580,4733.0,,11522,31858,271501,74345,169748,27408,3007
26,MI,2011,9876801,43731,617,4344.0,,10263,28507,251329,69755,156666,24908,2663
26,MI,2012,9882519,44962,701,4635.0,,10423,29203,249249,65560,158609,25080,2428
26,MI,2015,9917715,41712,585,4782.0,6710.0,7818,26599,191191,40375,132019,18797,2026
26,MI,2013,9898193,44757,625,4506.0,6785.0,10093,27254,230135,56256,149794,24085,2002
26,MI,2017,9976447,44883,569,,7110.0,6508,30696,179839,35833,124410,19596,1959
26,MI,2016,9933445,45782,612,5217.0,7268.0,7123,30779,190249,39738,130249,20262,1782
26,MI,2018,9984072,45176,555,,7901.0,5638,31082,166186,31834,116876,17476,1767
26,MI,2019,9984795,43793,576,,7356.0,5352,30509,158317,28574,111900,17843,1673
26,MI,2020,9966555,47641,754,,6065.0,4438,36384,135633,23231,94017,18385,1769
27,MN,2010,5310658,12515,96,1798.0,,3388,7233,136431,24415,103429,8587,798
27,MN,2011,5347299,12323,75,2113.0,,3385,6750,136183,25681,102354,8148,781
27,MN,2012,5379646,12419,99,1638.0,,3475,7207,138152,25378,104316,8458,943
27,MN,2015,5482435,13319,133,1679.0,2321.0,3771,7094,121984,19299,94704,7981,598
27,MN,2013,5422060,12710,114,1453.0,2014.0,3674,6908,131193,22713,100514,7966,728
27,MN,2014,5457125,12505,88,1448.0,2001.0,3687,6729,125377,20773,96237,8367,641
27,MN,2017,5568155,13345,114,,2405.0,3627,7199,122430,18828,93602,10000,534
27,MN,2016,5525050,13365,101,1732.0,2349.0,3730,7185,117723,18582,90421,8720,497
27,MN,2018,5606249,12403,107,,2475.0,2946,6875,112186,16206,85849,10131,449
27,MN,2019,5640053,13395,127,,2499.0,3155,7614,117971,16026,90685,11260,488
27,MN,2020,5657342,15698,190,,2211.0,3877,9420,120212,17370,88696,14146,758
29,MS,2012,2986450,7769,213,819.0,,2277,4460,83933,28084,51520,4329,339
29,MS,2010,2970072,7999,204,931.0,,2777,4087,88596,30453,52784,5359,403
29,MS,2011,2977457,8009,232,863.0,,2496,4418,89809,30722,54179,4908,450
29,MS,2015,2989390,8190,253,851.0,1158.0,2312,4467,85785,25068,56446,4271,269
29,MS,2013,2992206,8303,217,726.0,1024.0,2413,4649,81548,24969,52192,4387,412
29,MS,2014,2993443,8331,259,768.0,1082.0,2405,4585,86887,23898,58515,4474,499
29,MS,2017,2989663,7661,190,,658.0,2492,4321,82764,22449,55968,4347,215
29,MS,2016,2985415,8411,237,910.0,1282.0,2433,4459,82521,23489,54725,4307,327
29,MS,2018,2981020,7929,214,,596.0,1700,5419,71701,20355,46201,5145,202
29,MS,2019,2978227,7779,298,,924.0,1620,4937,69727,18341,45665,5721,219
29,MS,2020,2966786,8638,315,,1148.0,1419,5756,62351,14488,41780,6083,258
28,MO,2010,5995715,27440,420,1445.0,,6185,19390,200858,44197,140526,16135,1542
28,MO,2011,6008984,26888,366,1469.0,,6275,18778,199085,44875,138879,15331,1511
28,MO,2012,6024522,27189,390,1527.0,,5782,19490,199813,42510,140971,16332,1540
28,MO,2013,6044917,26216,369,1679.0,2305.0,5486,18056,189655,38797,134514,16344,1207
28,MO,2014,6063827,26882,404,1728.0,2403.0,5592,18483,176436,35293,124769,16374,1405
28,MO,2017,6108612,32450,599,,2737.0,6362,22752,173380,30086,123356,19938,1034
28,MO,2015,6076204,30292,503,1858.0,2573.0,6383,20833,173788,34029,122749,17010,1297
28,MO,2016,6091176,31720,538,1884.0,2557.0,6576,22049,170661,31716,120649,18296,1350
28,MO,2018,6121623,30696,599,,2935.0,5206,21956,162698,27345,115506,19847,1069
28,MO,2019,6140475,30680,576,,3019.0,4995,22090,163223,26617,115324,21282,909
28,MO,2020,6151548,33385,723,,2661.0,4575,25426,155698,23300,108209,24189,1138
30,MT,2010,990958,2733,25,332.0,,154,2222,25409,3692,20166,1551,172
30,MT,2012,1005494,2803,29,392.0,,202,2180,26102,3920,20484,1698,281
30,MT,2011,997667,2755,29,366.0,,171,2189,23885,3347,19089,1449,158
30,MT,2013,1014864,2924,23,382.0,467.0,217,2217,26195,4122,20192,1881,146
30,MT,2014,1023252,3361,38,396.0,558.0,202,2563,25525,3639,19826,2060,131
30,MT,2015,1032073,3647,38,405.0,572.0,210,2827,27276,3887,20966,2423,148
30,MT,2017,1053090,3937,41,,639.0,234,3023,27294,3623,21073,2598,169
30,MT,2016,1038656,3886,37,427.0,598.0,268,2983,28156,3966,21427,2763,181
30,MT,2018,1060665,4040,37,,569.0,270,3164,26787,3329,20641,2817,127
30,MT,2019,1070123,4472,32,,679.0,209,3552,23929,2968,18547,2414,119
30,MT,2020,1080577,5077,54,,598.0,279,4146,22917,2919,17322,2676,165
31,NE,2010,1830141,5093,54,674.0,,1020,3345,48827,8318,36896,3613,247
31,NE,2011,1842234,4672,68,699.0,,993,2912,50894,8725,38060,4109,229
31,NE,2013,1868969,4949,56,621.0,847.0,1035,3011,49197,8945,35791,4461,205
31,NE,2012,1855350,4802,52,710.0,,1128,2912,51203,8745,38301,4157,210
31,NE,2015,1893765,5167,62,648.0,885.0,994,3226,42597,6443,32148,4006,272
31,NE,2014,1882980,5201,53,645.0,878.0,1044,3226,47526,7936,35063,4527,163
31,NE,2017,1917575,5979,42,,1191.0,1020,3726,43856,6513,32064,5279,144
31,NE,2016,1907603,5661,49,813.0,1108.0,946,3558,43197,6459,32009,4729,206
31,NE,2018,1925614,5583,44,,1290.0,736,3513,40193,5308,29987,4898,106
31,NE,2019,1932571,5887,45,,1284.0,795,3763,39553,4763,29817,4973,133
31,NE,2020,1937552,6473,69,,1163.0,799,4442,36991,4455,27488,5048,150
37,NV,2010,2704283,17929,158,965.0,,5298,11508,75004,22286,42533,10185,457
37,NV,2011,2720028,15452,139,913.0,,4308,10092,70075,20342,40156,9577,459
37,NV,2012,2754354,16763,124,931.0,,4918,10790,77510,22120,45372,10018,472
37,NV,2013,2791494,16888,163,1090.0,1482.0,5183,10060,79177,23047,46132,9998,418
37,NV,2014,2838281,18043,170,987.0,1357.0,5954,10562,74574,21924,42466,10184,426
37,NV,2015,2883758,20118,178,1232.0,1688.0,6287,11965,77137,22360,43426,11351,458
37,NV,2017,2972405,16663,266,,1896.0,4841,9660,78320,20049,45459,12812,370
37,NV,2016,2939254,19924,228,1284.0,1729.0,6338,11629,75922,18816,43949,13157,363
37,NV,2018,3027341,16715,202,,2329.0,3862,10322,73998,17741,44341,11916,378
37,NV,2019,3090771,15334,144,,2155.0,3289,9746,72028,15630,45127,11271,292
37,NV,2020,3138259,14445,180,,1851.0,2785,9629,60462,11574,38332,10556,437
34,NH,2010,1316807,2204,13,411.0,,450,1330,29230,5444,22789,997,314
34,NH,2011,1317807,2864,16,581.0,,509,1758,32756,6244,25398,1114,266
34,NH,2013,1322616,2952,21,522.0,778.0,645,1708,30409,5283,24188,938,225
34,NH,2012,1321617,2841,15,486.0,,471,1869,32074,5988,25024,1062,325
34,NH,2014,1327996,2625,16,438.0,596.0,544,1469,26098,4191,21051,856,185
34,NH,2015,1330111,2692,15,468.0,644.0,475,1558,23453,3482,19076,895,139
34,NH,2017,1349767,2642,13,,619.0,441,1569,18550,2554,15087,909,129
34,NH,2016,1335015,2668,19,443.0,609.0,431,1609,20323,2989,16454,880,175
34,NH,2018,1353465,2404,21,,578.0,342,1463,17201,1908,14396,897,120
34,NH,2019,1360783,2152,33,,606.0,327,1186,16552,1783,13826,943,126
34,NH,2020,1366275,2000,12,,542.0,280,1166,15014,1412,12558,1044,145
35,NJ,2010,8799593,27055,371,981.0,,11818,13885,183042,38732,128754,15556,994
35,NJ,2012,8867749,25727,388,1035.0,,11385,12919,181481,42338,122662,16481,826
35,NJ,2011,8834773,27203,380,1006.0,,12209,13608,189719,43238,129066,17415,912
35,NJ,2013,8911502,25748,404,861.0,1189.0,12084,12071,167634,35883,118005,13746,640
35,NJ,2014,8938844,23319,352,953.0,1280.0,10499,11188,154945,31707,111534,11704,663
35,NJ,2017,8888543,20604,324,,1505.0,7895,10880,140086,23891,104025,12170,574
35,NJ,2015,8935421,22879,363,1019.0,1373.0,9729,11414,145701,27960,105963,11778,604
35,NJ,2016,8978416,21861,378,1088.0,1454.0,8940,11089,138012,25229,101459,11324,576
35,NJ,2018,8886025,18536,285,,1424.0,6364,10463,125155,19232,94886,11037,409
35,NJ,2019,8891258,18382,263,,1537.0,5730,10852,118637,16399,91902,10336,410
35,NJ,2020,8882371,17353,329,,1277.0,4384,11363,102875,12983,79614,10278,343
36,NM,2010,2065913,12147,140,959.0,,1616,9432,70776,21023,44503,5250,420
36,NM,2011,2078674,11904,158,856.0,,1720,9170,73549,21419,46730,5400,435
36,NM,2012,2083540,11660,116,957.0,,1847,8740,75094,21384,48247,5463,445
36,NM,2013,2086895,12990,123,1135.0,1565.0,1832,9470,78958,21828,51146,5984,379
36,NM,2014,2085567,12465,101,1070.0,1481.0,2086,8797,73877,18505,49082,6290,414
36,NM,2015,2080328,13672,117,1218.0,1663.0,2485,9407,77212,17084,51485,8643,329
36,NM,2017,2093395,16300,144,,1244.0,3732,11180,81865,17872,52284,11709,334
36,NM,2016,2085432,14585,139,1117.0,1527.0,2737,10182,81930,17280,52907,11743,421
36,NM,2018,2092741,17637,153,,1302.0,2646,13536,70722,16102,44592,10028,305
36,NM,2019,2099634,17302,185,,1355.0,2477,13285,66744,14640,42749,9355,308
36,NM,2020,2106319,16393,164,,1170.0,2086,12973,59859,13665,37188,9006,380
38,NY,2010,19395206,76492,868,2797.0,,28630,44197,379710,65839,293232,20639,1193
38,NY,2011,19501616,77463,769,2751.0,,28405,45538,371837,65227,287361,19249,1408
38,NY,2012,19576125,79535,683,2837.0,,28633,47382,375268,64389,293562,17317,1583
38,NY,2015,19747183,75126,613,4414.0,6141.0,23879,44493,317225,44117,257837,15271,1001
38,NY,2013,19695680,77563,644,2575.0,3548.0,27241,46130,358603,56444,286676,15483,1169
38,NY,2014,19748858,75972,616,4316.0,6025.0,24036,45295,339113,50738,272624,15751,1086
38,NY,2017,19590719,70746,550,,6297.0,20122,43777,293390,34928,245093,13369,1101
38,NY,2016,19836286,74315,629,4584.0,6281.0,22310,45095,305224,39850,250990,14384,1061
38,NY,2018,19530351,68512,562,,6577.0,18191,43182,281543,31158,237243,13142,833
38,NY,2019,19463131,70260,565,,6642.0,18165,44888,269787,28065,228672,13050,827
38,NY,2020,19336776,70339,808,,5468.0,17525,46538,272788,32003,221129,19656,997
32,NC,2010,9560234,34679,474,2002.0,,9620,22583,329202,102826,208057,18319,1806
32,NC,2011,9651103,33421,498,1959.0,,9448,21516,337806,105534,215453,16819,1726
32,NC,2012,9748364,34464,479,1984.0,,9392,22609,328594,99323,213151,16120,1806
32,NC,2013,9848917,33587,463,1790.0,2524.0,9275,21325,305631,90182,201043,14406,1468
32,NC,2014,9940387,32718,498,1738.0,2432.0,8411,21377,285498,79266,192609,13623,1512
32,NC,2015,10035186,34734,517,1886.0,2591.0,8821,22805,275915,74760,187732,13423,1293
32,NC,2017,10270800,38043,622,,1944.0,9884,25593,265483,65247,184119,16117,1245
32,NC,2016,10156689,37767,678,2086.0,2847.0,9336,24906,277765,72082,190377,15306,1331
32,NC,2018,10381615,36980,574,,2633.0,7573,26200,243323,57450,169376,16497,1150
32,NC,2019,10501384,39773,653,,3364.0,7700,28056,251135,54033,178332,18770,1338
32,NC,2020,10600823,44451,852,,2922.0,7340,33337,236026,49952,165554,20520,1405
33,ND,2010,674629,1548,10,245.0,,90,1203,12010,2000,9137,873,82
33,ND,2011,684740,1699,24,266.0,,91,1318,13334,2458,9891,985,79
33,ND,2012,701345,1723,25,279.0,,127,1292,14297,2429,10687,1181,103
33,ND,2014,740040,2001,23,275.0,382.0,175,1421,15857,2751,11559,1547,207
33,ND,2015,756835,1949,21,285.0,391.0,159,1378,17716,3296,12686,1734,78
33,ND,2013,723857,1979,16,288.0,355.0,161,1447,15356,2979,10942,1435,150
33,ND,2017,755176,2133,10,,406.0,183,1534,16653,2947,11944,1762,111
33,ND,2016,755548,1905,16,268.0,356.0,181,1352,17451,3248,12249,1954,93
33,ND,2018,758080,2154,18,,409.0,158,1569,15621,2742,11088,1791,60
33,ND,2019,763724,2302,25,,464.0,184,1629,15270,2646,10785,1839,84
33,ND,2020,765309,2518,32,,396.0,151,1939,16256,3196,10986,2074,108
39,OH,2010,11537968,36306,479,3730.0,,16486,15611,376836,107125,248581,21130,3252
39,OH,2011,11541007,35218,500,3679.0,,15991,15048,380572,112901,246744,20927,3084
39,OH,2012,11553031,34827,478,3813.0,,15396,15140,370435,105312,245372,19751,3556
39,OH,2015,11605090,34373,522,3990.0,5441.0,12617,15793,303743,69994,216354,17395,2446
39,OH,2013,11572005,33722,478,3594.0,4391.0,14483,14370,338414,91090,227799,19525,2658
39,OH,2014,11596998,33130,464,3825.0,5228.0,12780,14658,322517,79466,224942,18109,2165
39,OH,2017,11664129,34621,741,,5833.0,11224,16823,280557,57521,202320,20716,1460
39,OH,2016,11622554,35759,683,4255.0,5754.0,12574,16748,300945,67081,214102,19762,2541
39,OH,2018,11676341,34426,596,,5852.0,9608,18370,257848,49456,188433,19959,1335
39,OH,2019,11696507,34618,584,,5850.0,8861,19323,240540,44232,177610,18698,1195
39,OH,2020,11693217,36104,820,,5052.0,7826,22406,216363,37279,159007,20077,1209
40,OK,2010,3760184,18100,195,1469.0,,3345,13091,129464,37848,81303,10313,1033
40,OK,2011,3784163,17311,212,1410.0,,3288,12401,127618,36462,80064,11092,1009
40,OK,2012,3815780,18102,220,1622.0,,3248,13012,130969,36094,83131,11744,963
40,OK,2013,3853118,17187,198,1715.0,2314.0,3023,11652,126418,33512,81624,11282,832
40,OK,2014,3879610,16052,180,1361.0,1862.0,3073,10937,117445,29963,76719,10763,803
40,OK,2015,3907414,16746,240,1418.0,1953.0,3018,11535,114055,28783,74678,10594,750
40,OK,2017,3932640,17989,243,,2220.0,3007,12519,113611,28749,72546,12316,737
40,OK,2016,3921207,17855,247,1543.0,2100.0,3174,12334,118010,29376,76358,12276,780
40,OK,2018,3940235,18701,215,,2431.0,2805,13250,114395,27178,73799,13418,785
40,OK,2019,3960676,17279,275,,2363.0,2383,12258,113504,26820,73199,13485,775
40,OK,2020,3980783,18255,296,,2102.0,2351,13506,107705,24415,68243,15047,878
41,OR,2010,3838332,9648,96,1239.0,,2421,5892,116657,20035,87494,9128,1025
41,OR,2011,3868229,9643,84,1239.0,,2237,6083,121869,20704,92059,9106,1028
41,OR,2012,3899801,9638,91,1159.0,,2419,5969,126417,22051,94114,10252,1001
41,OR,2014,3971202,10294,84,1165.0,1620.0,2270,6320,123142,18690,94177,10275,831
41,OR,2015,4024634,10680,110,1193.0,1650.0,2163,6757,119752,18541,90514,10697,611
41,OR,2013,3928068,9536,82,1000.0,1464.0,2394,5596,125083,20808,94363,9912,812
41,OR,2017,4146592,11629,105,,1992.0,2474,7058,122524,17415,88091,17018,992
41,OR,2016,4085989,10983,116,1306.0,1784.0,2307,6776,121716,16919,91507,13290,963
41,OR,2018,4181886,12146,86,,2114.0,2515,7431,122401,16515,89191,16695,1015
41,OR,2019,4216116,12382,117,,1886.0,2329,8050,117567,15127,86922,15518,911
41,OR,2020,4241507,12380,125,,1565.0,2180,8510,112782,14386,81811,16585,1330
42,PA,2010,12717722,46612,653,3472.0,,16375,26112,276366,55206,204440,16720,2064
42,PA,2011,12743948,46189,639,3339.0,,16165,26046,283442,57966,208604,16872,1785
42,PA,2012,12764475,45384,707,3371.0,,15735,25571,276562,57040,204409,15113,1746
42,PA,2015,12791904,40348,665,3105.0,4299.0,12965,22419,231941,39573,180236,12132,1818
42,PA,2013,12781296,42825,611,2728.0,3795.0,14739,23680,263176,52000,197410,13766,1686
42,PA,2014,12793767,40298,610,2785.0,3839.0,13545,22304,246982,45718,188211,13053,1932
42,PA,2017,12790447,40030,742,,4216.0,11777,23295,210316,31925,165434,12957,1480
42,PA,2016,12787085,40389,674,3250.0,4459.0,12314,22942,222394,35178,174147,13069,1833
42,PA,2018,12800922,39099,784,,4490.0,9854,23971,190633,27054,150441,13138,1439
42,PA,2019,12798883,39160,676,,4345.0,9749,24390,179670,23324,143937,12409,1051
42,PA,2020,12783254,49793,1009,,4228.0,10728,33828,210167,31774,162919,15474,555
44,RI,2010,1052528,2709,29,298.0,,782,1600,26959,6124,18432,2403,240
44,RI,2011,1050646,2586,20,319.0,,744,1503,27976,6836,18765,2375,187
44,RI,2012,1050304,2657,26,292.0,,715,1614,27039,5929,18478,2632,182
44,RI,2013,1053354,2710,31,333.0,449.0,683,1547,25741,5621,17881,2239,174
44,RI,2014,1054907,2320,26,264.0,366.0,530,1398,22982,4830,16317,1835,159
44,RI,2015,1055607,2565,31,342.0,467.0,547,1520,20038,3938,14714,1386,172
44,RI,2017,1056486,2474,21,,454.0,474,1525,18585,3219,13882,1484,130
44,RI,2016,1057566,2529,29,330.0,445.0,541,1514,18910,3650,14157,1103,140
44,RI,2018,1058287,2326,16,,494.0,453,1363,17625,2817,13270,1538,82
44,RI,2019,1058158,2357,26,,498.0,421,1412,16312,2321,12628,1363,87
44,RI,2020,1057125,2440,32,,407.0,336,1665,13166,1763,9894,1509,120
45,SC,2010,4637106,27923,265,1551.0,,5017,21090,181098,46261,121544,13293,834
45,SC,2011,4673348,27894,320,1678.0,,4631,21265,183243,47351,122255,13637,952
45,SC,2012,4723417,26474,332,1712.0,,4511,19919,181049,45222,122340,13487,813
45,SC,2015,4894834,24448,407,1717.0,2439.0,3950,17652,162830,34942,114778,13110,700
45,SC,2013,4771929,24263,305,1739.0,2233.0,3965,17760,173261,40930,119730,12601,753
45,SC,2014,4829160,24038,322,1522.0,2185.0,4018,17513,168281,37163,118173,12945,679
45,SC,2017,5021219,25412,380,,2576.0,3884,18572,160368,31165,114931,14272,675
45,SC,2016,4959822,25137,358,1786.0,2491.0,4071,18217,161534,33149,114455,13930,683
45,SC,2018,5084156,25463,411,,2650.0,3592,18810,156330,29957,111427,14946,643
45,SC,2019,5157702,26307,455,,2528.0,3325,19999,151970,27439,109366,15165,598
45,SC,2020,5218040,27691,549,,2086.0,3122,21934,141987,23377,103892,14718,710
46,SD,2010,816598,2196,23,385.0,,154,1634,15188,3192,11196,800,84
46,SD,2011,823593,2105,20,503.0,,167,1415,15299,2927,11423,949,142
46,SD,2012,834047,2701,23,600.0,,157,1921,17326,3280,12973,1073,233
46,SD,2014,853304,2801,23,336.0,478.0,199,2101,16036,2817,12209,1010,91
46,SD,2015,857919,3302,33,367.0,500.0,215,2554,16739,2969,12576,1194,90
46,SD,2013,845510,2733,18,454.0,507.0,156,2052,16274,3383,11955,936,148
46,SD,2017,873286,3753,27,,575.0,264,2887,16588,2835,12285,1468,137
46,SD,2016,861542,3636,28,386.0,526.0,274,2808,17207,3002,12705,1500,127
46,SD,2018,878698,3483,12,,617.0,222,2632,15191,2502,11237,1452,78
46,SD,2019,887127,3523,16,,647.0,190,2670,15686,2662,11265,1759,66
46,SD,2020,892717,4476,40,,599.0,274,3563,17468,3036,12117,2315,97
47,TN,2010,6357436,38909,359,2173.0,,8361,28016,232855,64293,153729,14833,1164
47,TN,2011,6399787,38895,380,2095.0,,8082,28338,230900,62830,153928,14142,1149
47,TN,2012,6454914,41213,400,2047.0,,8151,30615,217925,56231,148731,12963,1225
47,TN,2013,6497269,38063,335,1904.0,2500.0,7333,27895,207683,51334,144443,11906,1107
47,TN,2014,6547779,39989,369,1870.0,2595.0,7268,29757,200911,46798,141464,12649,1091
47,TN,2015,6595056,40816,418,2032.0,2801.0,7499,30098,196047,43753,139259,13035,935
47,TN,2017,6708794,43940,538,,3028.0,7867,32507,198028,38819,140636,18573,961
47,TN,2016,6649404,42459,495,2056.0,2803.0,7829,31332,191199,40607,135353,15239,1119
47,TN,2018,6771631,42687,508,,3011.0,7222,31946,192897,33538,138710,20649,837
47,TN,2019,6830325,40908,515,,2943.0,6164,31286,181801,29969,132540,19292,828
47,TN,2020,6886834,46328,663,,2678.0,5575,37412,171675,26479,124098,21098,992
48,TX,2017,28322717,123984,1405,,14536.0,32120,75923,723143,133458,521767,67918,3311
48,TX,2010,25253466,113231,1249,7622.0,,32843,71517,951246,228597,654626,68023,5529
48,TX,2011,25631778,104734,1130,7486.0,,28620,67498,892810,215755,613131,63924,5038
48,TX,2012,26060796,106475,1148,7715.0,,30385,67227,876459,205002,606425,65032,4439
48,TX,2015,27429639,113193,1317,8941.0,12323.0,31924,67629,779234,153067,558653,67514,3541
48,TX,2013,26505637,108757,1140,7610.0,10456.0,31810,65351,862289,191062,605440,65787,3957
48,TX,2014,26979078,109711,1192,8400.0,11636.0,31021,65862,813515,168085,577018,68412,3830
48,TX,2016,27904862,121064,1478,9905.0,13446.0,33298,72842,769892,148796,552106,68990,3527
48,TX,2018,28628666,118197,1327,,15098.0,28339,73433,681143,117897,493238,70008,2692
48,TX,2019,28986794,122263,1432,,15303.0,29126,76402,697305,114494,504461,78350,2469
48,TX,2020,29360759,131084,1931,,13509.0,26834,88810,659160,108851,466033,84276,2969
49,UT,2017,3103118,7515,74,,1758.0,1498,4185,86201,11780,64955,9466,226
49,UT,2010,2775479,5925,53,983.0,,1269,3620,88316,15095,67242,5979,283
49,UT,2011,2814347,5547,50,901.0,,1079,3517,84084,13170,64727,6187,292
49,UT,2012,2854871,5939,52,975.0,,1105,3807,86284,13095,67157,6032,280
49,UT,2014,2944498,6464,66,1114.0,1547.0,1313,3538,85473,11656,66487,7330,292
49,UT,2015,2990632,7138,57,1247.0,1704.0,1329,4048,89797,12606,68464,8727,241
49,UT,2013,2902787,6644,51,926.0,1522.0,1247,3824,88334,13727,67115,7492,232
49,UT,2016,3044321,7406,74,1146.0,1560.0,1528,4244,90561,12938,68261,9362,264
49,UT,2018,3153550,7551,63,,1854.0,1237,4397,76294,10079,58406,7809,199
49,UT,2019,3203383,7588,77,,1865.0,1130,4516,69469,8658,54078,6733,217
49,UT,2020,3249879,8471,102,,1809.0,1362,5198,80091,9444,60359,10288,306
52,VT,2017,624525,1082,17,,254.0,100,711,9339,1945,7169,225,39
52,VT,2010,625909,820,7,141.0,,76,596,14160,3348,10373,439,54
52,VT,2011,626592,925,11,146.0,,99,669,15086,3838,10720,528,63
52,VT,2012,625953,891,8,131.0,,114,638,15653,4179,11014,460,73
52,VT,2014,626767,643,10,85.0,117.0,72,444,9721,2092,7375,254,35
52,VT,2015,626088,747,10,104.0,150.0,105,482,9064,2034,6834,196,29
52,VT,2013,626855,775,10,113.0,136.0,75,554,13882,3352,10193,337,74
52,VT,2016,623354,851,14,120.0,170.0,78,589,9705,1884,7637,184,43
52,VT,2018,624358,1155,11,,326.0,73,745,8211,1496,6451,264,45
52,VT,2019,624046,1293,11,,298.0,71,913,8968,1286,7378,304,52
52,VT,2020,623347,1081,14,,213.0,64,790,7586,961,6361,264,42
51,VA,2017,8465207,17811,470,,3026.0,4331,9984,152515,18524,123812,10179,834
51,VA,2010,8023953,17184,376,1580.0,,5678,9550,187403,30804,145990,10609,1251
51,VA,2011,8104384,16014,304,1591.0,,5425,8694,182902,30656,142476,9770,1182
51,VA,2012,8186628,15676,322,1505.0,,4718,9131,178434,29651,139654,9129,1269
51,VA,2014,8328098,16522,350,1687.0,2416.0,4294,9462,161934,23210,131001,7723,892
51,VA,2015,8367587,16705,390,1767.0,2499.0,4459,9357,157803,21542,128064,8197,925
51,VA,2013,8270345,16355,320,1476.0,2350.0,4574,9111,171558,26717,136215,8626,973
51,VA,2016,8414380,18495,482,2032.0,2830.0,4826,10357,157292,20159,127285,9848,910
51,VA,2018,8501286,17357,417,,3072.0,3610,10258,142931,15659,116496,10776,683
51,VA,2019,8556642,17916,447,,2915.0,3520,11034,140944,13972,116656,10316,693
51,VA,2020,8590563,17925,524,,2279.0,2947,12175,125114,11465,102796,10853,621
53,WA,2017,7425432,22483,226,,3300.0,5386,13571,235206,43687,162154,29365,1120
53,WA,2010,6742950,21138,154,2579.0,,5929,12476,249426,55192,168490,25744,1372
53,WA,2011,6823267,20152,163,2320.0,,5627,12042,244209,56561,162828,24820,1327
53,WA,2012,6895318,20553,217,2250.0,,5801,12285,254377,61376,166338,26663,1288
53,WA,2014,7063166,20185,178,1999.0,2780.0,5641,11586,261257,55381,175317,30559,1186
53,WA,2015,7160290,20505,218,2006.0,2778.0,5450,12059,249474,51114,171393,26967,1281
53,WA,2013,6973742,20223,167,2072.0,2604.0,5829,11623,259139,58487,172227,28425,1137
53,WA,2016,7280934,22101,195,2302.0,3133.0,5649,13124,254994,49249,173423,32322,1133
53,WA,2018,7523869,23719,236,,3610.0,5557,14316,223256,40434,154941,27881,1106
53,WA,2019,7614024,23095,205,,3497.0,5356,14037,207539,34976,147778,24785,982
53,WA,2020,7693612,22596,301,,2677.0,5183,14435,210223,40167,142657,27399,1342
55,WV,2017,1817048,6564,98,,793.0,673,5000,32560,7557,21917,3086,223
55,WV,2010,1854368,5586,58,362.0,,776,4390,41301,10778,28104,2419,304
55,WV,2011,1854908,5497,87,372.0,,802,4236,39009,10245,26656,2108,261
55,WV,2012,1856680,5943,70,415.0,,835,4623,44500,11466,30800,2234,355
55,WV,2013,1853595,5657,62,367.0,700.0,653,4242,39929,9908,28055,1966,219
55,WV,2014,1848751,5850,84,417.0,594.0,655,4517,38282,9368,26954,1960,192
55,WV,2015,1841053,6397,85,493.0,710.0,783,4819,38694,9467,26984,2243,219
55,WV,2016,1828637,6633,85,488.0,684.0,720,5144,37282,9127,25657,2498,241
55,WV,2018,1804291,5411,76,,716.0,333,4286,27888,5916,19783,2189,198
55,WV,2019,1795263,5725,100,,818.0,347,4460,27327,5282,19825,2220,212
55,WV,2020,1784787,6352,117,,832.0,369,5034,24976,4877,17828,2271,272
54,WI,2011,5709843,14268,138,1190.0,,4600,8340,139912,27167,104472,8273,688
54,WI,2017,5792051,18638,192,,2177.0,4370,11899,104908,17570,77868,9470,587
54,WI,2010,5691659,14167,155,1191.0,,4516,8305,142781,26636,107993,8152,676
54,WI,2012,5724554,16254,169,1228.0,,4692,10165,140780,27931,104619,8230,731
54,WI,2014,5759432,16763,159,1216.0,1677.0,5101,9826,120535,21375,89255,9905,553
54,WI,2015,5767891,17549,240,1324.0,1805.0,5234,10270,114171,19602,83572,10997,484
54,WI,2013,5742953,16118,163,1308.0,1836.0,4834,9285,125694,24358,93946,7390,654
54,WI,2016,5772917,17716,232,1475.0,2005.0,4707,10772,111911,19498,82455,9958,551
54,WI,2018,5807406,17365,175,,2333.0,3493,11364,91238,14180,68380,8678,498
54,WI,2019,5824581,17305,189,,2358.0,2994,11764,85796,12572,65687,7537,403
54,WI,2020,5832655,18861,308,,2020.0,3081,13452,86654,12744,64517,9393,571
56,WY,2017,578934,1358,14,,253.0,98,993,10528,1556,8211,761,48
56,WY,2010,564554,1117,8,162.0,,77,870,13869,2151,11126,592,71
56,WY,2011,567356,1245,18,146.0,,71,1010,12878,1864,10493,521,58
56,WY,2012,576626,1161,14,154.0,,61,932,13222,2125,10513,584,99
56,WY,2015,586555,1300,16,124.0,171.0,59,1054,11151,1762,8797,592,51
56,WY,2013,583223,1212,17,144.0,204.0,74,917,12809,1956,10275,578,45
56,WY,2014,584304,1142,16,127.0,174.0,53,899,11477,1689,9185,603,39
56,WY,2016,584910,1431,20,152.0,206.0,59,1146,11460,1771,8889,800,43
56,WY,2018,577601,1235,14,,261.0,75,885,10308,1551,7974,783,37
56,WY,2019,580116,1247,13,,323.0,67,844,9097,1394,6981,722,46
56,WY,2020,582328,1364,18,,333.0,66,947,9379,1225,7190,964,53
