state,overall_score,hospitalizations_score,deaths_score,vax_score,covid_testing_score,state_!!hospitalizations,per_100k_!!hospitalizations,std_dev_!!hospitalizations,zscore_!!hospitalizations,percentile_!!hospitalizations,score_!!hospitalizations,state_!!deaths,tot_death_!!deaths,state_y_!!deaths,population_!!deaths,pop_over_85_pct_!!deaths,pop_75_84_pct_!!deaths,pop_65_74_pct_!!deaths,pop_50_64_pct_!!deaths,pop_40_49_pct_!!deaths,pop_30_39pct_!!deaths,pop_under_30_pct_!!deaths,Estimate!!Percent!!Total population!!AGE!!Under 5 years_!!deaths,Estimate!!Percent!!Total population!!AGE!!5 to 9 years_!!deaths,Estimate!!Percent!!Total population!!AGE!!10 to 14 years_!!deaths,Estimate!!Percent!!Total population!!AGE!!15 to 19 years_!!deaths,Estimate!!Percent!!Total population!!AGE!!20 to 24 years_!!deaths,Estimate!!Percent!!Total population!!AGE!!25 to 29 years_!!deaths,Estimate!!Percent!!Total population!!AGE!!30 to 34 years_!!deaths,Estimate!!Percent!!Total population!!AGE!!35 to 39 years_!!deaths,Estimate!!Percent!!Total population!!AGE!!40 to 44 years_!!deaths,Estimate!!Percent!!Total population!!AGE!!45 to 49 years_!!deaths,Estimate!!Percent!!Total population!!AGE!!50 to 54 years_!!deaths,Estimate!!Percent!!Total population!!AGE!!55 to 59 years_!!deaths,Estimate!!Percent!!Total population!!AGE!!60 to 64 years_!!deaths,Estimate!!Percent!!Total population!!AGE!!65 to 69 years_!!deaths,Estimate!!Percent!!Total population!!AGE!!70 to 74 years_!!deaths,Estimate!!Percent!!Total population!!AGE!!75 to 79 years_!!deaths,Estimate!!Percent!!Total population!!AGE!!80 to 84 years_!!deaths,Estimate!!Percent!!Total population!!AGE!!85 years and over_!!deaths,state_abbrv_!!deaths,deaths_per_capita_!!deaths,per_100k_!!deaths,std_dev_!!deaths,zscore_!!deaths,percentile_!!deaths,score_!!deaths,Date_!!vax,Administered_!!vax,population_!!vax,Admin_per_100k_!!vax,state_!!vax,std_dev_!!vax,zscore_!!vax,percentile_!!vax,score_!!vax,testing_per_100k_!!covid_testing,test_per_hosp_!!covid_testing,state_!!covid_testing,zscore_!!covid_testing,percentile_!!covid_testing,score_!!covid_testing
VT,98.39485797724343,23.948229957168515,24.767560178064723,24.679140062306942,24.999927779703253,VT,324.68895637691907,419.9936053556361,-1.7271451234509356,0.9579291982867406,23.948229957168515,VT,388,Vermont,643077,2.3,5.7,12.0,21.8,11.6,11.5,35.1,4.7,5.0,5.1,6.9,6.9,6.5,5.8,5.7,5.7,5.9,6.6,7.1,8.1,6.6,5.4,3.6,2.1,2.3,VT,0.0006033492101256925,60.33492101256926,68.70787109200695,-2.3535484228280117,0.990702407122589,24.767560178064723,2021-11-24,1101607,643077,171302.5034327149,VT,17720.328916701328,2.231186240564725,0.9871656024922777,24.679140062306942,418035.7873162934,1287.4961685823757,VT,4.5343679383879945,0.9999971111881302,24.999927779703253
ME,93.40260133656874,23.276033068053053,24.177277564865697,23.818533693234183,22.13075701041581,ME,426.97996636716164,419.9936053556361,-1.4835913914753593,0.9310413227221221,23.276033068053053,ME,1303,Maine,1362359,2.6,6.0,12.6,22.6,12.0,11.9,32.3,4.7,4.8,5.4,5.8,5.5,6.1,6.1,5.8,5.7,6.3,6.9,7.6,8.1,6.9,5.7,3.7,2.3,2.6,ME,0.0009564292524951206,95.64292524951205,68.70787109200695,-1.8396625510090217,0.9670911025946279,24.177277564865697,2021-11-24,2198768,1362359,161394.169965479,ME,17720.328916701328,1.6720355885755656,0.9527413477293674,23.818533693234183,224622.51139383967,526.0727178958226,ME,1.2015460898793677,0.8852302804166323,22.13075701041581
NH,85.350003716223,21.973306381117077,23.17394006046435,22.281110316809208,17.921646957832362,NH,558.8267107262352,419.9936053556361,-1.1696657919476467,0.8789322552446831,21.973306381117077,NH,1683,New Hampshire,1377529,2.1,5.3,11.2,22.8,12.1,12.1,34.1,4.7,4.9,5.6,6.4,6.2,6.3,6.2,5.9,5.8,6.3,7.1,8.1,7.6,6.2,5.0,3.2,2.1,2.1,NH,0.0012217528632791034,122.17528632791033,68.70787109200695,-1.4535006650895945,0.9269576024185741,23.17394006046435,2021-11-24,2116124,1377529,153617.38300972249,NH,17720.328916701328,1.2331731389950205,0.8912444126723683,22.281110316809208,213807.5496051263,382.60080540400105,NH,0.5735560743775963,0.7168658783132945,17.921646957832362
HI,83.05077643724064,22.75712396653452,24.676135491423583,18.070495812087106,17.54702116719544,HI,486.2324611704624,419.9936053556361,-1.34251187491194,0.9102849586613808,22.75712396653452,HI,1004,Hawaii,1455271,2.7,5.5,10.8,18.6,11.8,13.9,36.7,6.0,6.0,5.8,5.5,6.3,7.1,6.7,7.2,5.9,5.9,6.0,6.2,6.4,6.0,4.8,3.5,2.0,2.7,HI,0.0006899058663300512,68.99058663300511,68.70787109200695,-2.2275706347978015,0.9870454196569434,24.676135491423583,2021-11-24,2070008,1455271,142242.09786355944,HI,17720.328916701328,0.5912389401641005,0.7228198324834842,18.070495812087106,181174.2280303806,372.60825325042396,HI,0.529817736518715,0.7018808466878176,17.54702116719544
WA,79.37141350141977,23.068914124115828,23.305077750087257,19.61196276793824,13.385458859278451,WA,452.0665761573134,419.9936053556361,-1.4238604587414925,0.9227565649646331,23.068914124115828,WA,9208,Washington,7705281,1.7,4.5,9.6,18.6,12.6,14.7,38.2,6.0,6.0,6.3,6.0,6.2,7.7,7.6,7.1,6.4,6.2,6.0,6.3,6.3,5.3,4.3,2.8,1.7,1.7,WA,0.0011950245552368563,119.50245552368563,68.70787109200695,-1.4924020422061335,0.9322031100034903,23.305077750087257,2021-11-24,11228003,7705281,145718.28074797013,WA,17720.328916701328,0.787408147900104,0.7844785107175296,19.61196276793824,122905.47223391334,271.8747165044642,WA,0.088897599580765,0.535418354371138,13.385458859278451
OR,78.76147333695964,22.7514093133399,23.24536617693547,19.092031535939707,13.672666310744566,OR,486.82449207694793,419.9936053556361,-1.3411022560536139,0.910056372533596,22.7514093133399,OR,5116,Oregon,4237256,2.0,5.0,11.0,18.7,12.7,14.3,36.1,5.3,5.6,6.0,5.9,6.3,7.0,7.1,7.2,6.5,6.2,5.9,6.2,6.6,6.0,5.0,3.1,1.9,2.0,OR,0.0012073851568090291,120.7385156809029,68.70787109200695,-1.474411961338076,0.9298146470774188,23.24536617693547,2021-11-24,6122487,4237256,144491.78902572798,OR,17720.328916701328,0.7181943241608513,0.7636812614375883,19.092031535939707,135575.3582035166,278.4891894512313,OR,0.11784976796154913,0.5469066524297826,13.672666310744566
MN,78.13945474111067,20.160958850598643,19.835952997222627,18.006421584225247,20.136121309064148,MN,686.849053026254,419.9936053556361,-0.8648460502479753,0.8064383540239457,20.160958850598643,MN,9462,Minnesota,5706494,2.0,4.9,9.5,19.6,11.9,13.6,38.5,6.2,6.4,6.6,6.4,6.1,6.8,6.8,6.8,6.1,5.8,6.1,6.9,6.6,5.4,4.1,2.9,2.0,2.0,MN,0.0016581109171410677,165.81109171410677,68.70787109200695,-0.8184088671242119,0.7934381198889051,19.835952997222627,2021-11-24,8109317,5706494,142106.81725066213,MN,17720.328916701328,0.583604735769068,0.7202568633690098,18.006421584225247,307930.806551273,448.3238423268274,MN,0.8612319703711201,0.8054448523625659,20.136121309064148
AK,77.67940196454143,19.97457111532226,23.488092146036447,10.946690616029725,23.270048087152993,AK,698.1269200194712,419.9936053556361,-0.8379935771402777,0.7989828446128904,19.97457111532226,AK,847,Alaska,733391,0.9,3.0,8.4,19.1,11.8,14.6,42.2,7.0,7.2,6.8,6.4,6.5,8.3,7.9,6.7,6.0,5.8,6.1,6.7,6.3,4.9,3.5,1.9,1.1,0.9,AK,0.001154909182141586,115.49091821415861,68.70787109200695,-1.5507874534518866,0.9395236858414578,23.488092146036447,2021-11-24,946031,733391,128994.08364705867,AK,17720.328916701328,-0.15637778178142608,0.437867624641189,10.946690616029725,411963.19562143524,590.0978515625001,AK,1.4817901040945662,0.9308019234861197,23.270048087152993
RI,76.50341368170773,22.0932747508439,6.57245861886184,22.91181439254391,24.925865919458072,RI,548.6709696467674,419.9936053556361,-1.1938464960106725,0.883730990033756,22.0932747508439,RI,2915,Rhode Island,1097379,2.5,5.0,10.2,21.1,11.3,13.3,36.7,5.2,4.6,5.9,6.8,7.0,7.2,6.8,6.5,5.3,6.0,6.8,6.9,7.4,5.8,4.4,3.2,1.8,2.5,RI,0.002656329308288203,265.6329308288203,68.70787109200695,0.6344354362750558,0.2628983447544736,6.57245861886184,2021-11-24,1714653,1097379,156249.84622450403,RI,17720.328916701328,1.3817292536786738,0.9164725757017563,22.91181439254391,482939.2579956424,880.1983059292478,RI,2.7515869979307017,0.9970346367783228,24.925865919458072
MA,75.46563951288628,21.361941601328798,5.481870776272474,23.949167407472878,24.672659727812132,MA,606.6358962701836,419.9936053556361,-1.0558326646468985,0.854477664053152,21.361941601328798,MA,19351,Massachusetts,7029917,2.3,4.9,9.8,20.4,12.2,13.5,36.9,5.2,5.2,5.7,6.5,7.0,7.3,7.1,6.4,6.0,6.2,6.8,7.0,6.6,5.4,4.4,3.0,1.9,2.3,MA,0.0027526640783952358,275.26640783952354,68.70787109200695,0.7746446562318643,0.21927483105089896,5.481870776272474,2021-11-24,11415048,7029917,162378.13334069235,MA,17720.328916701328,1.7275629650615614,0.9579666962989151,23.949167407472878,460760.03457793314,759.5330863386953,MA,2.2234240160263843,0.9869063891124853,24.672659727812132
MD,72.9694429021792,17.933518191227567,18.148582138845825,21.538487251307824,15.348855320797977,MD,808.599461505686,419.9936053556361,-0.5749597116778011,0.7173407276491026,17.933518191227567,MD,11167,Maryland,6177224,1.9,4.6,9.3,20.3,12.5,13.8,37.5,5.9,5.9,6.5,6.3,6.2,6.7,6.9,6.9,6.1,6.4,6.8,6.8,6.7,5.2,4.1,2.7,1.9,1.9,MD,0.0018077699626887417,180.77699626887417,68.70787109200695,-0.6005895064467939,0.725943285553833,18.148582138845825,2021-11-24,9329572,6177224,151031.79033170888,MD,17720.328916701328,1.0872620393665762,0.861539490052313,21.538487251307824,256921.78234106454,317.7367715069371,MD,0.2896401151835163,0.6139542128319191,15.348855320797977
CT,72.03750509095288,19.02434406799266,9.11282767141021,24.09086581211678,19.80946753943323,CT,752.1192786133118,419.9936053556361,-0.7094383850960516,0.7609737627197064,19.02434406799266,CT,8865,Connecticut,3605944,2.5,5.3,9.9,21.6,12.3,12.3,36.2,5.1,5.4,6.1,6.7,6.7,6.2,6.2,6.1,5.9,6.4,7.1,7.3,7.2,5.6,4.3,3.1,2.2,2.5,CT,0.002458440841011397,245.84408410113969,68.70787109200695,0.3464211751261214,0.3645131068564084,9.11282767141021,2021-11-24,5898047,3605944,163564.57560073034,CT,17720.328916701328,1.7945167030883862,0.9636346324846711,24.09086581211678,329197.81893451477,437.69363224069906,CT,0.814702543943105,0.7923787015773291,19.80946753943323
CA,70.2198026710908,17.6140610819203,17.55773445319041,20.688525150502414,14.359481985477684,CA,824.303611216923,419.9936053556361,-0.537568309735052,0.7045624432768121,17.6140610819203,CA,73365,California,39538223,1.8,4.4,8.6,18.3,12.8,14.5,39.6,6.0,6.0,6.7,6.4,6.7,7.8,7.5,7.0,6.4,6.4,6.2,6.2,5.9,4.7,3.9,2.6,1.8,1.8,CA,0.0018555462141027431,185.5546214102743,68.70787109200695,-0.5310541669657846,0.7023093781276164,17.55773445319041,2021-11-24,58715000,39538223,148501.86868539843,CA,17720.328916701328,0.9444925875012661,0.8275410060200966,20.688525150502414,242682.85400686823,294.40954850190997,CA,0.1875346725075826,0.5743792794191074,14.359481985477684
VA,70.20048429009184,19.961794998320983,19.412086092903852,20.95577112557233,9.870832073294684,VA,698.89066573611,419.9936053556361,-0.8361751072709754,0.7984717999328392,19.961794998320983,VA,14656,Virginia,8631393,1.8,4.7,9.5,19.6,12.6,13.8,38.3,5.9,5.9,6.4,6.5,6.6,7.0,6.8,7.0,6.3,6.3,6.5,6.7,6.4,5.1,4.4,2.8,1.9,1.8,VA,0.0016979877987249566,169.79877987249566,68.70787109200695,-0.7603705653254418,0.7764834437161541,19.412086092903852,2021-11-24,12883121,8631393,149258.8855587968,VA,17720.328916701328,0.9872128370495069,0.8382308450228932,20.95577112557233,133225.45966798175,190.6241794310722,VA,-0.26674362071143165,0.3948332829317874,9.870832073294684
CO,66.9199994505058,15.1125820752474,20.645391240958087,20.131346733009813,11.030679401290506,CO,938.771820010482,419.9936053556361,-0.2650208058352455,0.604503283009896,15.1125820752474,CO,9100,Colorado,5773714,1.5,4.0,9.1,18.2,12.8,15.3,39.0,5.7,6.0,6.4,6.3,6.6,8.0,7.8,7.5,6.5,6.3,5.9,6.2,6.1,5.1,4.0,2.5,1.5,1.5,CO,0.0015761085498866068,157.61085498866066,68.70787109200695,-0.9377581730351044,0.8258156496383235,20.645391240958087,2021-11-24,8488178,5773714,147014.17493142196,CO,17720.328916701328,0.860538516390638,0.8052538693203926,20.131346733009813,204450.32434928368,217.78489723626436,CO,-0.1478586117972712,0.44122717605162026,11.030679401290506
UT,61.20526070419358,18.556886304497507,23.839080432482127,7.4159643477137385,11.393329619500205,UT,776.9249202840431,419.9936053556361,-0.65037643426057,0.7422754521799002,18.556886304497507,UT,3487,Utah,3271616,1.1,3.4,6.8,14.2,12.1,14.1,48.1,7.7,8.0,8.3,8.0,8.3,7.8,6.9,7.2,6.6,5.5,4.8,4.6,4.8,3.8,3.0,2.0,1.4,1.1,UT,0.0010658341321230854,106.58341321230853,68.70787109200695,-1.6804306058342682,0.9535632172992852,23.839080432482127,2021-11-24,4001214,3271616,122300.84459789902,UT,17720.328916701328,-0.5340930646423044,0.29663857390854953,7.4159643477137385,175711.26929321777,226.16248327956566,UT,-0.1111891320515397,0.45573318478000824,11.393329619500205
DE,59.332127351662436,14.680208492342448,12.868002125956718,17.038737366472496,14.74517936689077,DE,957.525041719363,419.9936053556361,-0.2203695981269723,0.5872083396936979,14.680208492342448,DE,2173,Delaware,989948,1.9,5.9,11.5,20.3,11.9,12.3,36.2,5.6,5.6,6.2,6.2,5.9,6.7,6.5,5.8,5.9,6.0,6.2,6.8,7.3,6.1,5.4,3.6,2.3,1.9,DE,0.002195064791281966,219.50647912819662,68.70787109200695,-0.03690615774487217,0.5147200850382687,12.868002125956718,2021-11-24,1387212,989948,140129.7845947464,DE,17720.328916701328,0.4720361150504991,0.6815494946588999,17.038737366472496,290548.59447162884,303.437071421036,DE,0.2270489869086521,0.5898071746756308,14.74517936689077
NY,58.82408661470839,16.71283928558262,4.838168202429122,19.69491715794723,17.578161968749416,NY,867.040448835614,419.9936053556361,-0.435812385183527,0.6685135714233048,16.71283928558262,NY,56861,New York,20201249,2.3,5.1,9.5,20.0,12.2,13.7,37.3,5.8,5.4,6.0,6.1,6.5,7.5,7.2,6.5,6.0,6.2,6.6,6.8,6.6,5.2,4.3,3.0,2.1,2.3,NY,0.002814726950793983,281.4726950793983,68.70787109200695,0.8649732771196211,0.19352672809716487,4.838168202429122,2021-11-24,29477691,20201249,145920.14087841797,NY,17720.328916701328,0.7987995916705175,0.7877966863178892,19.69491715794723,323778.79209349875,373.42985846659775,NY,0.5334139795984936,0.7031264787499767,17.578161968749416
IL,57.55840732473838,16.58581301885698,11.584934978864101,15.61957137030079,13.76808795671651,IL,872.9048208204046,419.9936053556361,-0.421849382152029,0.6634325207542793,16.58581301885698,IL,29258,Illinois,12812508,2.0,4.8,9.4,19.3,12.6,13.5,38.3,5.9,5.9,6.5,6.5,6.5,7.0,6.8,6.7,6.3,6.3,6.3,6.6,6.4,5.3,4.1,2.9,1.9,2.0,IL,0.0022835497936859826,228.35497936859824,68.70787109200695,0.0918782173167938,0.46339739915456407,11.584934978864101,2021-11-24,17604565,12812508,137401.3971347374,IL,17720.328916701328,0.318066768723214,0.6247828548120316,15.61957137030079,245016.9709162328,280.6915084807897,IL,0.1274895248832467,0.5507235182686604,13.76808795671651
NE,56.36151061881651,16.36436970097398,20.38085575838465,11.723049516828182,7.893235642629694,NE,883.0468864707897,419.9936053556361,-0.3977012391301914,0.6545747880389593,16.36436970097398,NE,3146,Nebraska,1961504,2.1,4.7,9.2,18.1,11.3,13.4,41.1,6.7,6.8,7.1,6.8,6.9,6.8,6.6,6.8,5.8,5.5,5.6,6.2,6.3,5.1,4.1,2.7,2.0,2.1,NE,0.0016038713150725158,160.38713150725158,68.70787109200695,-0.8973512083822017,0.8152342303353861,20.38085575838465,2021-11-24,2557474,1961504,130383.31810692203,NE,17720.328916701328,-0.0779800011085167,0.46892198067312724,11.723049516828182,125372.82615788702,141.97754171237227,NE,-0.47967451599601824,0.31572942570518775,7.893235642629694
NC,55.09197706134703,16.420773425293355,18.374271824446158,10.479583282092664,9.817348529514854,NC,880.4730698772763,419.9936053556361,-0.40382946718103024,0.6568309370117342,16.420773425293355,NC,18676,North Carolina,10439388,1.8,4.9,10.0,19.4,12.8,12.8,38.3,5.7,5.9,6.5,6.8,6.6,6.8,6.5,6.3,6.2,6.6,6.4,6.7,6.3,5.4,4.6,3.0,1.9,1.8,NC,0.0017889937609369439,178.89937609369437,68.70787109200695,-0.6279170912684147,0.7349708729778464,18.374271824446158,2021-11-24,13378128,10439388,128150.5007764823,NC,17720.328916701328,-0.2039831549402334,0.41918333128370655,10.479583282092664,166720.85566701804,189.35372514034555,NC,-0.27230451828274693,0.3926939411805942,9.817348529514854
WI,50.99638045594952,7.008468630563952,19.52844873169635,15.455880621376872,9.003582472312349,WI,1294.4460525596915,419.9936053556361,0.5818354986745263,0.2803387452225581,7.008468630563952,WI,9944,Wisconsin,5893718,2.2,5.1,10.3,20.5,11.7,12.7,37.3,5.6,5.9,6.3,6.5,6.6,6.4,6.2,6.5,5.8,5.9,6.4,7.1,7.0,5.8,4.5,3.0,2.1,2.2,WI,0.0016872201893609433,168.72201893609434,68.70787109200695,-0.7760421458778275,0.7811379492678541,19.52844873169635,2021-11-24,8080069,5893718,137096.29473279856,WI,17720.328916701328,0.3008491198086228,0.6182352248550749,15.455880621376872,219742.88556052392,169.7582414701603,WI,-0.3580757879346087,0.36014329889249397,9.003582472312349
NJ,50.43962614876058,16.73963572997455,2.8450812095932103,18.512254595772763,12.342654613420056,NJ,865.7988152430715,419.9936053556361,-0.43876870065288065,0.669585429198982,16.73963572997455,NJ,28326,New Jersey,9288994,2.2,5.0,9.4,20.7,13.0,12.9,36.8,5.8,5.9,6.3,6.3,6.0,6.5,6.4,6.5,6.4,6.6,6.9,7.0,6.8,5.2,4.2,3.0,2.0,2.2,NJ,0.0030494152542245158,304.94152542245155,68.70787109200695,1.2065473933024098,0.1138032483837284,2.8450812095932103,2021-11-24,13301118,9288994,143192.23373381444,NJ,17720.328916701328,0.6448573506756293,0.7404901838309106,18.512254595772763,214683.95824133378,247.96055903710334,NJ,-0.015776910278409054,0.4937061845368022,12.342654613420056
NM,48.743856049647974,11.226877125869837,8.448980320602187,19.72251939042054,9.34547921275541,NM,1103.83740995371,419.9936053556361,0.12799848740722228,0.4490750850347935,11.226877125869837,NM,5310,New Mexico,2117522,1.9,5.4,10.7,18.6,11.3,13.3,38.8,5.6,6.2,7.0,6.6,6.6,6.8,6.5,6.8,5.7,5.6,5.6,6.3,6.7,6.0,4.7,3.4,2.0,1.9,NM,0.0025076480905511255,250.76480905511255,68.70787109200695,0.4180392426890576,0.3379592128240875,8.448980320602187,2021-11-24,3091322,2117522,145987.71583010707,NM,17720.328916701328,0.8026130057446446,0.7889007756168216,19.72251939042054,196545.0654113629,178.05617352614019,NM,-0.3217549611611836,0.37381916851021646,9.34547921275541
PA,46.671155759466245,13.938056359691425,7.803737667313524,16.292545595675012,8.636816136786276,PA,989.3099125566229,419.9936053556361,-0.14469018198361097,0.557522254387657,13.938056359691425,PA,33247,Pennsylvania,13002700,2.5,5.5,10.6,20.6,11.7,12.8,36.2,5.4,5.6,6.0,6.3,6.2,6.7,6.6,6.2,5.7,6.0,6.5,7.0,7.1,5.9,4.7,3.3,2.2,2.5,PA,0.0025569304836687767,255.69304836687766,68.70787109200695,0.4897666770199175,0.312149506692541,7.803737667313524,2021-11-24,18031448,13002700,138674.64449691217,PA,17720.328916701328,0.3899191236179775,0.6517018238270005,16.292545595675012,159016.45812023658,160.7347264006468,PA,-0.3975725596020755,0.345472645471451,8.636816136786276
IA,45.09856303391098,14.287429873854826,11.274471522724282,11.212804756172003,8.323856881159863,IA,974.4013936945852,419.9936053556361,-0.18018719591889137,0.571497194954193,14.287429873854826,IA,7354,Iowa,3190369,2.4,5.2,9.9,19.1,11.5,12.7,39.2,6.0,6.5,6.5,6.8,6.9,6.5,6.2,6.5,5.9,5.6,5.8,6.7,6.6,5.6,4.3,3.0,2.2,2.4,IA,0.002305062517846682,230.5062517846682,68.70787109200695,0.12318863898870357,0.45097886090897127,11.274471522724282,2021-11-24,4130627,3190369,129471.76329759974,IA,17720.328916701328,-0.12942119125838764,0.44851219024688016,11.212804756172003,149007.30918586534,152.921896612732,IA,-0.4317700482562048,0.33295427524639454,8.323856881159863
ID,39.75413385450893,16.308430469676228,14.01424399673335,1.0533293407229052,8.378130047376443,ID,885.5933263226807,419.9936053556361,-0.3916381947899453,0.6523372187870491,16.308430469676228,ID,3891,Idaho,1839106,1.6,4.8,9.7,17.9,11.8,12.9,41.1,6.5,7.0,7.2,7.0,6.7,6.7,6.4,6.5,6.1,5.7,5.6,5.9,6.4,5.3,4.4,2.9,1.9,1.6,ID,0.0021157018681903055,211.57018681903057,68.70787109200695,-0.1524139181081431,0.560569759869334,14.01424399673335,2021-11-24,1860658,1839106,101171.87372560364,ID,17720.328916701328,-1.7264507782952052,0.04213317362891621,1.0533293407229052,136633.61437568036,154.2848283907411,ID,-0.4258043680506902,0.33512520189505773,8.378130047376443
MI,39.47608152441822,12.841367612379194,8.483853898220527,8.563642624199733,9.587217389618766,MI,1035.700821973596,419.9936053556361,-0.03423395401868531,0.5136547044951678,12.841367612379194,MI,25244,Michigan,10077331,2.1,5.1,10.4,20.4,11.7,12.3,37.9,5.7,5.8,6.2,6.5,6.8,6.9,6.1,6.2,5.6,6.1,6.4,7.0,7.0,5.9,4.5,3.1,2.0,2.1,MI,0.0025050283651494626,250.50283651494627,68.70787109200695,0.41422639656236754,0.3393541559288211,8.483853898220527,2021-11-24,12554249,10077331,124579.10730529741,MI,17720.328916701328,-0.4055253208883419,0.3425457049679893,8.563642624199733,190428.72562189333,183.86460798497666,MI,-0.2963308988308395,0.3834886955847506,9.587217389618766
KS,37.71683316825449,10.264742109176776,11.761186611103138,8.297997101604818,7.392907346369759,KS,1145.0093264530885,419.9936053556361,0.2260283525631824,0.41058968436707105,10.264742109176776,KS,6673,Kansas,2937880,2.2,4.8,9.4,18.4,11.2,13.1,40.8,6.3,6.8,7.0,6.8,7.3,6.6,6.4,6.7,5.7,5.5,5.7,6.2,6.5,5.3,4.1,2.9,1.9,2.2,KS,0.002271365746728934,227.13657467289337,68.70787109200695,0.0741451006252099,0.47044746444412555,11.761186611103138,2021-11-24,3644839,2937880,124063.57645649243,KS,17720.328916701328,-0.4346179438993681,0.3319198840641927,8.297997101604818,147632.23821258868,128.93540236035557,KS,-0.5367611830069993,0.29571629385479037,7.392907346369759
OH,35.758685384660936,9.78673738794191,12.15161989551277,6.460860275813387,7.359467825392868,OH,1165.7833485091844,419.9936053556361,0.27549106292636794,0.3914694955176764,9.78673738794191,OH,26483,Ohio,11799448,2.1,5.3,10.2,20.1,11.9,12.6,38.0,5.9,5.9,6.4,6.6,6.4,6.8,6.4,6.2,5.8,6.1,6.3,6.8,7.0,5.7,4.5,3.2,2.1,2.1,OH,0.002244427027433826,224.44270274338257,68.70787109200695,0.03493748311798963,0.48606479582051076,12.15161989551277,2021-11-24,14192281,11799448,120279.19441655237,OH,17720.328916701328,-0.6481795576667793,0.25843441103253545,6.460860275813387,149278.32217235924,128.04979790049143,OH,-0.5406375567781389,0.2943787130157147,7.359467825392868
ND,35.72887499598338,10.606812682679681,9.793692586165982,3.8643159094450277,11.46405381769269,ND,1130.2872310658277,419.9936053556361,0.19097521080214364,0.42427250730718724,10.606812682679681,ND,1877,North Dakota,779094,2.4,4.6,8.8,17.5,10.4,14.1,42.2,6.6,6.4,6.6,6.2,8.0,8.4,7.0,7.1,5.5,4.9,5.2,6.2,6.1,5.3,3.5,2.8,1.8,2.4,ND,0.002409208644913194,240.92086449131938,68.70787109200695,0.2747667994108907,0.39174770344663923,9.793692586165982,2021-11-24,886167,779094,113743.27103019661,ND,17720.328916701328,-1.0170171462397364,0.1545726363778011,3.8643159094450277,257470.3437582628,227.79196002725416,ND,-0.10405675951765431,0.4585621527077076,11.46405381769269
FL,32.9330998766303,3.0518986373638146,4.599460778446359,17.771988690991435,7.50975176982869,FL,1539.2335483019067,419.9936053556361,1.1646717433714846,0.12207594549455258,3.0518986373638146,FL,61147,Florida,21538187,2.6,6.8,11.5,19.8,12.2,12.6,34.5,5.3,5.2,5.9,5.7,5.9,6.5,6.4,6.2,5.9,6.3,6.3,6.9,6.6,6.1,5.4,4.1,2.7,2.6,FL,0.002839004044305122,283.90040443051225,68.70787109200695,0.900307065119878,0.18397843113785434,4.599460778446359,2021-11-24,30501707,21538187,141616.87332364605,FL,17720.328916701328,0.5559560431675267,0.7108795476396574,17.771988690991435,203202.80903866235,132.01557961287753,FL,-0.5232789583195036,0.3003900707931476,7.50975176982869
SC,32.10133085655704,11.369696462368006,5.34485398541168,6.130355856188506,9.256424552588847,SC,1097.7791019698443,419.9936053556361,0.11357372496652815,0.45478785849472025,11.369696462368006,SC,14155,South Carolina,5118425,1.7,5.4,11.1,19.7,12.0,12.7,37.4,5.6,5.8,6.5,6.6,6.2,6.7,6.4,6.3,5.9,6.1,6.2,6.9,6.6,5.9,5.2,3.4,2.0,1.7,SC,0.0027654991525713477,276.5499152571348,68.70787109200695,0.7933253022366357,0.21379415941646718,5.34485398541168,2021-11-24,6118807,5118425,119544.72323029056,SC,17720.328916701328,-0.6896275008575842,0.24521423424754024,6.130355856188506,193104.34362132882,175.9045542721885,SC,-0.33117280041052133,0.37025698210355384,9.256424552588847
MO,31.865856752649776,9.925169434913501,8.666917555843607,5.92639227150292,7.347377490389747,MO,1159.740194540524,419.9936053556361,0.26110238202361175,0.39700677739654006,9.925169434913501,MO,15334,Missouri,6154913,2.0,5.3,9.9,19.6,11.7,13.2,38.4,6.0,6.2,6.4,6.5,6.4,6.9,6.6,6.6,5.8,5.9,6.0,6.8,6.8,5.5,4.4,3.2,2.1,2.0,MO,0.002491343094532774,249.1343094532774,68.70787109200695,0.3943083429257433,0.3466767022337443,8.666917555843607,2021-11-24,7329322,6154913,119080.83834816187,MO,17720.328916701328,-0.7158056200284697,0.2370556908601168,5.92639227150292,148132.62185834307,127.72914360964401,MO,-0.5420410906795319,0.2938950996155899,7.347377490389747
NV,31.13889653853011,7.225459852219235,7.664450841263146,9.263130626810007,6.98585521823772,NV,1283.702257349867,419.9936053556361,0.5562546444119313,0.2890183940887694,7.225459852219235,NV,7972,Nevada,3104614,1.4,4.8,9.9,18.7,12.8,14.3,37.9,6.0,6.0,6.7,6.0,5.9,7.3,7.3,7.0,6.3,6.5,6.3,6.4,6.0,5.4,4.5,3.1,1.7,1.4,NV,0.0025677910361803433,256.77910361803436,68.70787109200695,0.505573530498209,0.3065780336505258,7.664450841263146,2021-11-24,3908996,3104614,125909.24346794802,NV,17720.328916701328,-0.3304625966633438,0.37052522507240027,9.263130626810007,151507.17609338876,118.02361118080997,NV,-0.5845231162870449,0.2794342087295088,6.98585521823772
SD,30.75185364239629,7.646619689128966,7.0532536121478735,10.4094947331753,5.642485607944153,SD,1263.2702017781196,419.9936053556361,0.5076061523606147,0.3058647875651586,7.646619689128966,SD,2320,South Dakota,886667,2.2,4.9,10.3,18.7,10.9,13.0,40.1,6.7,6.7,7.1,6.6,6.5,6.5,6.4,6.6,5.4,5.5,5.5,6.6,6.6,5.9,4.4,2.8,2.1,2.2,SD,0.0026165403697216657,261.6540369721665,68.70787109200695,0.5765251300260728,0.28213014448591495,7.0532536121478735,2021-11-24,1135140,886667,128023.26014163153,SD,17720.328916701328,-0.2111636443910156,0.41637978932701203,10.4094947331753,100447.18028301492,79.51361485581644,SD,-0.7530849815962875,0.22569942431776613,5.642485607944153
TN,30.638701160790887,9.61133167572316,9.158147152482412,5.034365451409514,6.834856881175802,TN,1173.4752938861268,419.9936053556361,0.293805497429315,0.38445326702892646,9.61133167572316,TN,16967,Tennessee,6910840,1.7,5.0,9.9,19.4,12.7,12.9,38.4,6.0,5.9,6.5,6.4,6.5,7.1,6.6,6.3,6.2,6.5,6.3,6.7,6.4,5.3,4.6,3.1,1.9,1.7,TN,0.002455128464846531,245.5128464846531,68.70787109200695,0.3416002192265706,0.36632588609929645,9.158147152482412,2021-11-24,8081410,6910840,116938.17249422646,TN,17720.328916701328,-0.8367213131856073,0.20137461805638057,5.034365451409514,133657.0084099762,113.89844260576838,TN,-0.6025793659905223,0.2733942752470321,6.834856881175802
TX,30.5777419266892,5.94728769438071,8.773348502985879,9.567392563760164,6.289713165562446,TX,1349.5768901585338,419.9936053556361,0.7131013962877994,0.23789150777522838,5.94728769438071,TX,72381,Texas,29145505,1.4,3.7,7.8,17.2,13.0,14.3,42.6,6.8,6.9,7.5,7.2,6.8,7.4,7.2,7.1,6.6,6.4,5.9,5.8,5.5,4.4,3.4,2.3,1.4,1.4,TX,0.0024834361250559906,248.34361250559905,68.70787109200695,0.38280024443409405,0.35093394011943513,8.773348502985879,2021-11-24,36862434,29145505,126477.25266726379,TX,17720.328916701328,-0.29840849642706524,0.3826957025504066,9.567392563760164,133081.48546405355,98.60978387709392,TX,-0.66949925898748,0.25158852662249787,6.289713165562446
AZ,29.86865649129964,7.292165050897426,2.4995028160322605,12.775920171417383,7.30106845295257,AZ,1280.4303207913526,419.9936053556361,0.5484642006604273,0.291686602035897,7.292165050897426,AZ,22177,Arizona,7151502,1.8,5.8,10.3,17.9,12.1,12.9,39.2,5.9,6.1,6.7,6.6,6.7,7.2,6.6,6.3,6.1,6.0,5.8,6.1,6.0,5.5,4.8,3.5,2.3,1.8,AZ,0.0031010268891765672,310.10268891765674,68.70787109200695,1.2816648931343264,0.09998011264129042,2.4995028160322605,2021-11-24,9458251,7151502,132255.44787654397,AZ,17720.328916701328,0.02766870205169762,0.5110368068566953,12.775920171417383,161972.75761091866,126.49868952713771,AZ,-0.5474269035883227,0.2920427381181028,7.30106845295257
IN,28.791262088188244,9.311941868064366,7.735792043981263,3.8556408327191205,7.887887343423494,IN,1186.702051778432,419.9936053556361,0.32529825761337827,0.37247767472257465,9.311941868064366,IN,17386,Indiana,6785528,1.9,4.8,9.5,19.1,12.3,12.5,39.9,6.2,6.1,7.0,6.9,6.9,6.8,6.4,6.1,6.1,6.2,6.1,6.6,6.4,5.3,4.2,2.9,1.9,1.9,IN,0.0025622177080398163,256.2217708039816,68.70787109200695,0.49746190070682117,0.3094316817592505,7.735792043981263,2021-11-24,7716326,6785528,113717.39973661593,IN,17720.328916701328,-1.0184771244208581,0.15422563330876482,3.8556408327191205,168321.9050897734,141.8400725249615,IN,-0.48027623152091603,0.31551549373693977,7.887887343423494
WY,25.920277585145584,4.889287534430722,10.843165460427548,2.2815086058178475,7.906315984469464,WY,1410.2428530071024,419.9936053556361,0.8575463641991532,0.1955715013772289,4.889287534430722,WY,1347,Wyoming,576851,1.7,5.0,10.4,18.8,11.8,13.1,39.2,5.7,7.0,6.7,6.7,6.5,6.6,6.7,6.4,6.3,5.5,5.5,6.5,6.8,5.9,4.5,3.1,1.9,1.7,WY,0.0023350917307935672,233.50917307935674,68.70787109200695,0.16689427630451162,0.4337266184171019,10.843165460427548,2021-11-24,623826,576851,108143.35070928195,WY,17720.328916701328,-1.3330338718455894,0.0912603442327139,2.2815086058178475,200696.71370943278,142.3135832821143,WY,-0.4782036305319134,0.31625263937877857,7.906315984469464
WV,25.704246431496294,9.268107740831423,6.231091079495739,0.42558148219935976,9.779466128969775,WV,1188.6497082035282,419.9936053556361,0.32993560542120276,0.3707243096332569,9.268107740831423,WV,4817,West Virginia,1793716,2.3,6.0,12.1,20.7,12.6,11.5,34.8,5.1,5.5,5.9,6.1,5.9,6.3,5.5,6.0,6.3,6.3,6.4,6.8,7.5,6.6,5.5,3.7,2.3,2.3,WV,0.0026854864426698543,268.54864426698543,68.70787109200695,0.676871817898068,0.24924364317982955,6.231091079495739,2021-11-24,1689798,1793716,94206.55220781885,WV,17720.328916701328,-2.119520317270862,0.01702325928797439,0.42558148219935976,224004.24593413895,188.4526992167347,WV,-0.2762483932469016,0.39117864515879097,9.779466128969775
MT,23.120380111395033,0.9487199051808978,9.551211817231026,6.709960765170702,5.910487623812409,MT,1795.5682630450322,419.9936053556361,1.775001785244551,0.03794879620723591,0.9487199051808978,MT,2631,Montana,1084225,2.0,5.6,11.8,19.7,11.4,12.4,37.0,5.5,5.8,6.3,6.6,6.4,6.4,6.0,6.4,6.0,5.4,5.5,6.8,7.4,6.6,5.2,3.7,1.9,2.0,MT,0.0024266180912633447,242.66180912633448,68.70787109200695,0.30010515740896915,0.382048472689241,9.551211817231026,2021-11-24,1309960,1084225,120819.9405105029,MT,17720.328916701328,-0.6176639788368133,0.26839843060682805,6.709960765170702,157219.02741589615,87.55948222724471,MT,-0.7178674655852949,0.23641950495249636,5.910487623812409
KY,20.593596159671,0.004413287662405085,9.804549115238242,5.746767619796025,5.037866136974331,KY,2550.6698423999455,419.9936053556361,3.5728900619375246,0.0001765315064962034,0.004413287662405085,KY,10852,Kentucky,4505836,1.7,5.0,10.2,19.7,12.5,12.3,38.5,6.1,5.9,6.5,6.6,6.6,6.8,6.1,6.2,6.2,6.3,6.3,6.6,6.8,5.7,4.5,3.1,1.9,1.7,KY,0.0024084320867426155,240.84320867426158,68.70787109200695,0.2736365676656251,0.3921819646095297,9.804549115238242,2021-11-24,5346850,4505836,118664.99357721853,KY,17720.328916701328,-0.7392727222983043,0.22987070479184102,5.746767619796025,154365.67154241743,60.51965996397775,KY,-0.8362233033750932,0.20151464547897324,5.037866136974331
AR,19.454417541741602,4.730282557085724,4.2780951879086215,4.44255841456866,6.003481382178598,AR,1420.0119275157695,419.9936053556361,0.880806419552603,0.18921130228342897,4.730282557085724,AR,8652,Arkansas,3011524,1.9,5.4,10.0,18.7,12.3,12.5,39.2,6.1,6.4,6.7,6.8,6.6,6.6,6.2,6.3,6.2,6.1,5.9,6.4,6.4,5.4,4.6,3.3,2.1,1.9,AR,0.002872963987668702,287.2963987668702,68.70787109200695,0.9497336341924425,0.17112380751634487,4.2780951879086215,2021-11-24,3474961,3011524,115388.78654129936,AR,17720.328916701328,-0.9241568207436419,0.17770233658274642,4.44255841456866,128232.68219014691,90.30394724534655,AR,-0.7058546848303155,0.24013925528714392,6.003481382178598
LA,18.918792394956746,6.007555554773818,2.0727043212197427,2.967425781319773,7.871106737643411,LA,1346.313257647404,419.9936053556361,0.7053307243787207,0.2403022221909527,6.007555554773818,LA,14777,Louisiana,4657757,1.6,4.7,9.6,18.8,11.9,13.8,39.4,6.3,6.4,6.8,6.5,6.4,7.0,6.8,7.0,6.0,5.9,5.8,6.4,6.6,5.3,4.3,2.9,1.8,1.6,LA,0.003172557091320994,317.2557091320994,68.70787109200695,1.3857726190870638,0.08290817284878971,2.0727043212197427,2021-11-24,5162105,4657757,110828.13036403574,LA,17720.328916701328,-1.1815254169306586,0.11869703125279091,2.967425781319773,190380.13361366856,141.40849652356957,LA,-0.4821652801513911,0.31484426950573646,7.871106737643411
GA,16.82656331815299,2.8290799864386194,4.647642309952153,3.8696076160879405,5.480233405674276,GA,1558.2191333234005,419.9936053556361,1.2098762054856576,0.11316319945754477,2.8290799864386194,GA,30358,Georgia,10711908,1.4,4.2,8.8,18.8,13.1,13.4,40.3,6.0,6.4,7.1,7.0,6.7,7.1,6.7,6.7,6.5,6.6,6.5,6.5,5.8,4.9,3.9,2.6,1.6,1.4,GA,0.0028340422639925584,283.40422639925583,68.70787109200695,0.8930855048623642,0.18590569239808613,4.647642309952153,2021-11-24,12185763,10711908,113759.03340469317,GA,17720.328916701328,-1.0161276382305653,0.1547843046435176,3.8696076160879405,116145.62036940572,74.53741125722674,GA,-0.7748662914062926,0.21920933622697103,5.480233405674276
OK,16.692350455761314,0.3971082346553732,4.642658367453201,7.1721493555821585,4.480434498070582,OK,1951.9350762611973,419.9936053556361,2.147309389984769,0.015884329386214927,0.3971082346553732,OK,11223,Oklahoma,3959353,1.9,4.9,9.3,18.0,11.8,13.4,40.6,6.3,6.6,7.1,6.9,6.8,6.9,6.7,6.7,6.0,5.8,5.6,6.3,6.1,5.1,4.2,2.9,2.0,1.9,OK,0.0028345540294083403,283.45540294083406,68.70787109200695,0.893830347349329,0.18570633469812803,4.642658367453201,2021-11-24,4822388,3959353,121797.37447002073,OK,17720.328916701328,-0.5625050726950315,0.2868859742232863,7.1721493555821585,81505.84198984026,41.756430826561775,OK,-0.9183517168897651,0.17921737992282327,4.480434498070582
MS,15.601668580823516,7.768977124924151,0.8748677599236011,2.104391908594078,4.853431787381686,MS,1257.4296444205359,419.9936053556361,0.493699851685779,0.31075908499696603,7.768977124924151,MS,10262,Mississippi,2961279,1.8,4.8,9.7,18.9,12.5,12.4,39.8,6.0,6.4,7.1,7.2,6.7,6.4,6.0,6.4,6.3,6.2,6.0,6.5,6.4,5.4,4.3,3.0,1.8,1.8,MS,0.003465394513654404,346.5394513654404,68.70787109200695,1.8119791332450568,0.034994710396944045,0.8748677599236011,2021-11-24,3179082,2961279,107355.0313901527,MS,17720.328916701328,-1.3775205923142069,0.0841756763437631,2.104391908594078,68478.55267943344,54.459152433129226,MS,-0.8627507131805708,0.19413727149526744,4.853431787381686
AL,11.653777288489636,2.759961886878898,1.8815610328822858,1.3553937631256738,5.656860605602778,AL,1564.3239557357383,419.9936053556361,1.2244117182517829,0.11039847547515591,2.759961886878898,AL,16119,Alabama,5024279,1.7,5.4,10.3,19.6,12.3,12.7,38.1,5.8,6.0,6.5,6.7,6.5,6.6,6.4,6.3,6.1,6.2,6.2,6.6,6.8,5.6,4.7,3.2,2.2,1.7,AL,0.0032082215179531233,320.8221517953123,68.70787109200695,1.4376799567258196,0.07526244131529143,1.8815610328822858,2021-11-24,5191035,5024279,103319.00358240456,AL,17720.328916701328,-1.6052831709164697,0.05421575052502695,1.3553937631256738,125068.55212459339,79.9505445569749,AL,-0.7511724993198744,0.2262744242241111,5.656860605602778
