state,overall_score,food_score,expenses_score,violent_crime_score,Number_!!food,Margin of Error +/-_!!food,Percent_avg_!!food,MOE +/-_!!food,Measure Universe_!!food,Total Population age 18+_!!food,Percent_wk1_!!food,percent_over_wk1_!!food,state_!!food,std_dev_!!food,zscore_!!food,percentile_!!food,score_!!food,Number_!!expenses,Margin of Error +/-_!!expenses,Percent_avg_!!expenses,MOE +/-_!!expenses,Measure Universe_!!expenses,Total Population age 18+_!!expenses,Percent_wk1_!!expenses,percent_over_wk1_!!expenses,state_!!expenses,std_dev_!!expenses,zscore_!!expenses,percentile_!!expenses,score_!!expenses,population_19_!!violent_crime,year_19_!!violent_crime,violent_crime_19_!!violent_crime,violent_crime_20_!!violent_crime,crimes_per_100k_19_!!violent_crime,crimes_per_100k_20_!!violent_crime,change_19_20_raw_!!violent_crime,state_!!violent_crime,std_dev_!!violent_crime,zscore_!!violent_crime,percentile_!!violent_crime,score_!!violent_crime
HI,88.7519586084681,28.39959424994605,32.29045922062312,28.061905137898936,82033.07894736843,26631.236842105263,8.34736842105263,2.6894736842105265,979882.2894736842,1070927.5263157894,10.0,0.834736842105263,HI,0.2813963782595026,-1.044997027611502,0.8519878283503692,28.39959424994605,324974.3461538461,44372.5,32.06923076923077,4.273076923076923,1010149.0384615385,1069865.3076923077,37.3,0.8597648999793773,HI,0.06565716671184925,-1.8622174564515002,0.9687137775874073,32.29045922062312,1415615.0,2019.0,3745.0,3576.0,264.54933014979355,254.15669869211646,0.9548731642189586,HI,0.09538948315591335,-1.0021198953461126,0.8418571549788253,28.061905137898936
NJ,85.42241857249374,30.465642623446836,26.031310332992117,28.925465616054794,529021.8684210526,136929.55263157896,8.93421052631579,2.2842105263157895,5912439.605263158,6773808.105263158,12.0,0.7445175438596491,NJ,0.2813963782595026,-1.365609889808378,0.9139692796173744,30.465642623446836,1885308.1538461538,198582.1923076923,30.26153846153846,3.126923076923077,6204117.961538462,6772417.076923077,32.5,0.9311242603550296,NJ,0.06565716671184925,-0.7753694557019654,0.7809393107707028,26.031310332992117,8891258.0,2019.0,18382.0,17353.0,206.74239798237775,195.36450346422143,0.944021325209444,NJ,0.09538948315591335,-1.115883369583386,0.8677639693494078,28.925465616054794
MD,84.52274016403497,24.255557624016216,28.171502188196857,32.0956803518219,427365.9736842105,93313.71052631579,10.35,2.2394736842105263,4112423.6842105263,4586551.157894737,10.8,0.9583333333333333,MD,0.2813963782595026,-0.6057714341886539,0.7276667294481532,24.255557624016216,1251311.423076923,125968.84615384616,29.107692307692307,2.896153846153846,4289442.615384615,4586380.923076923,31.8,0.915336236090953,MD,0.06565716671184925,-1.0158310085643623,0.8451450664910508,28.171502188196857,6054954.0,2019.0,27511.0,24215.0,454.35522714127967,399.86446056195365,0.8801933771945767,MD,0.09538948315591335,-1.7850131929470485,0.9628704115175273,32.0956803518219
MA,81.63530452597661,22.733190106680414,29.63815213438876,29.26396228490744,341190.65789473685,84664.71052631579,7.168421052631579,1.7552631578947369,4758870.947368421,5319502.47368421,7.2,0.9956140350877192,MA,0.2813963782595026,-0.4732867803882918,0.6819957038824082,22.733190106680414,1263734.8461538462,126292.30769230769,25.430769230769233,2.4884615384615385,4955580.846153846,5317396.692307692,28.2,0.9018003273322424,MA,0.06565716671184925,-1.2219914238944354,0.8891445649208074,29.63815213438876,6894883.0,2019.0,22662.0,21288.0,328.6785287001969,308.809334606403,0.939369870267408,MA,0.09538948315591335,-1.1646461344935728,0.8779188694251421,29.26396228490744
IN,78.03254768181935,19.43855474623909,31.54530306442879,27.04868987115146,454313.6052631579,104396.78947368421,10.055263157894737,2.281578947368421,4508900.815789473,5019878.2105263155,9.4,1.0697088465845466,IN,0.2813963782595026,-0.20997560362361625,0.5831566429703294,19.43855474623909,1352524.8846153845,146139.03846153847,28.74230769230769,3.026923076923077,4696210.153846154,5021875.846153846,32.8,0.8762898686679175,IN,0.06565716671184925,-1.6105317758758586,0.9463590928792228,31.54530306442879,6731010.0,2019.0,25006.0,24161.0,371.50442504170996,357.6782843640807,0.9662081100535871,IN,0.09538948315591335,-0.8832918499514062,0.8114606969460045,27.04868987115146
IL,74.84115374333629,26.812566769253714,27.082802912128198,20.94578406195439,797258.8157894737,188099.07894736843,9.407894736842104,2.205263157894737,8420442.94736842,9525364.631578946,10.6,0.8875372393247268,IL,0.2813963782595026,-0.8573599387973327,0.8043770038819884,26.812566769253714,2631652.4615384615,264045.3461538461,29.93076923076923,2.9076923076923076,8758503.5,9515644.923076924,32.4,0.9237891737891738,IL,0.06565716671184925,-0.8870874437480749,0.81248408817633,27.082802912128198,12667017.0,2019.0,52601.0,53612.0,415.2595674261746,425.9135827283033,1.0192201669169787,IL,0.09538948315591335,-0.3275486473517671,0.6283735224870053,20.94578406195439
VA,71.41198574969891,23.235898754259747,24.85001750420299,23.326069491236172,489379.1052631579,125351.84210526316,8.360526315789473,2.121052631578947,5840972.921052632,6485023.105263158,8.5,0.9835913312693497,VA,0.2813963782595026,-0.5160119351778896,0.6970769633248693,23.235898754259747,1662247.076923077,192527.65384615384,27.315384615384616,3.0999999999999996,6071545.076923077,6490693.615384615,29.1,0.9386730108379593,VA,0.06565716671184925,-0.6603972316329765,0.7455005258715903,24.85001750420299,8556642.0,2019.0,17916.0,17925.0,209.38120351418232,208.65919963569326,1.0005023442732752,VA,0.09538948315591335,-0.5237738707666937,0.6997820854368673,23.326069491236172
CT,67.17513271300395,21.610895901277573,20.02302293236911,25.54121387935726,224009.26315789475,58301.39473684211,9.194736842105263,2.365789473684211,2431832.6578947366,2729814.8947368423,9.0,1.0216374269005848,CT,0.2813963782595026,-0.38080729655901896,0.6483268776866541,21.610895901277573,734362.3846153846,81747.15384615384,28.765384615384615,3.119230769230769,2547438.923076923,2728611.153846154,29.8,0.9652813629323697,CT,0.06565716671184925,-0.2551352712564816,0.600690688571764,20.02302293236911,3566022.0,2019.0,6583.0,6459.0,184.60346010204088,181.5852995468661,0.9811636032204162,CT,0.09538948315591335,-0.7265083904752241,0.7662364171469542,25.54121387935726
FL,66.50170430754635,14.603420498870245,31.797397113881416,20.100886694794692,1778527.7631578948,331289.8947368421,11.726315789473684,2.1578947368421053,15124162.842105264,17138845.315789472,10.0,1.1726315789473685,FL,0.2813963782595026,0.1557815287155462,0.43810261540420997,14.603420498870245,5244310.461538462,437145.57692307694,33.11538461538461,2.7038461538461536,15814593.26923077,17163519.307692308,38.0,0.8714574898785424,FL,0.06565716671184925,-1.6841319482771897,0.9539219143703644,31.797397113881416,21492056.0,2019.0,81291.0,83368.0,378.2374287504183,383.59546855996916,1.0255501839071977,FL,0.09538948315591335,-0.261188952542722,0.6030266014468674,20.100886694794692
NM,65.46513908930902,16.009729644171873,20.7925520041432,28.662857440993946,159738.65789473685,41228.47368421053,11.08421052631579,2.807894736842105,1439810.8157894737,1594211.3684210526,9.7,1.14270211611503,NM,0.2813963782595026,0.04942101683739501,0.4802918898054481,16.009729644171873,517061.46153846156,54139.230769230766,34.41538461538461,3.5115384615384615,1498942.1923076923,1596351.6923076923,35.8,0.9613235926085087,NM,0.06565716671184925,-0.3154146058983562,0.6237765607480725,20.7925520041432,2099634.0,2019.0,17302.0,16393.0,824.0483817655839,778.2771745400388,0.9474627210727083,NM,0.09538948315591335,-1.079806060540424,0.8598857240897041,28.662857440993946
WA,65.2518331637105,18.15963996724041,21.257537084299983,25.83465611217011,407397.7631578947,90906.47368421052,7.4605263157894735,1.6500000000000001,5445835.47368421,5909294.578947368,6.8,1.0971362229102166,WA,0.2813963782595026,-0.11250677159630196,0.5447891995620014,18.15963996724041,1413435.5,130478.34615384616,25.123076923076926,2.292307692307692,5617288.115384615,5918035.0,26.2,0.9588960657662949,WA,0.06565716671184925,-0.352387368565188,0.6377261131667256,21.257537084299983,7614024.0,2019.0,23095.0,22596.0,303.3218702751659,293.6982005331176,0.9783935916865122,WA,0.09538948315591335,-0.7555473520280027,0.7750396841401429,25.83465611217011
MI,64.71920745248045,22.367884712636044,30.768359665328312,11.582963074516089,642152.2105263158,138008.7105263158,9.439473684210526,2.0026315789473683,6787855.184210527,7640281.052631579,9.4,1.0041993281075028,MI,0.2813963782595026,-0.442777173004979,0.6710365420501179,22.367884712636044,1975309.6538461538,207597.6923076923,27.896153846153844,2.8615384615384616,7062796.807692308,7638353.230769231,31.4,0.8884125428711416,MI,0.06565716671184925,-1.4258958128830128,0.9230507908829002,30.768359665328312,9984795.0,2019.0,43793.0,47641.0,438.5968865660236,478.008700097476,1.0878679240974585,MI,0.09538948315591335,0.3921088548099289,0.34748889258297155,11.582963074516089
NV,64.71298562270678,16.571337507517352,19.068545527799625,29.073102587389805,252552.47368421053,57462.31578947369,11.647368421052633,2.626315789473684,2163314.8421052634,2415729.3157894737,10.3,1.1308124680633624,NV,0.2813963782595026,0.007168703125301342,0.4971401257226607,16.571337507517352,807855.1153846154,82411.5,35.7,3.588461538461538,2257935.9615384615,2423239.6153846155,36.8,0.9701086956521741,NV,0.06565716671184925,-0.1816119536727333,0.5720563664060451,19.068545527799625,3090771.0,2019.0,15334.0,14445.0,496.1221649873122,460.2870572505329,0.9420242598147907,NV,0.09538948315591335,-1.1368192770711036,0.8721930784938873,29.073102587389805
VT,62.03601536828134,19.210140513916404,9.902266303616699,32.923608550748234,26569.552631578947,10820.526315789473,5.910526315789474,2.3947368421052633,449527.7105263158,485546.5789473684,5.5,1.0746411483253588,VT,0.2813963782595026,-0.19244765329490332,0.5763042159937963,19.210140513916404,106892.69230769231,19897.53846153846,22.984615384615385,4.25,463775.6923076923,485575.0,22.6,1.0170183798502381,VT,0.06565716671184925,0.5328520804507223,0.29706798940556894,9.902266303616699,624046.0,2019.0,1293.0,1081.0,207.1962643779465,173.41865766579448,0.8360402165506574,VT,0.09538948315591335,-2.2478856101479185,0.9877082575101553,32.923608550748234
CA,61.91627669188816,17.4961359043793,20.81521818092482,23.604922606584044,2857828.1315789474,452435.7368421053,10.778947368421052,1.6868421052631577,26442890.52631579,29897537.315789472,9.7,1.111231687466088,CA,0.2813963782595026,-0.06241563452106741,0.5248840776562631,17.4961359043793,9244869.923076924,639190.3461538461,33.353846153846156,2.2384615384615385,27646861.384615384,29878391.0,34.7,0.9612059410330304,CA,0.06565716671184925,-0.3172065134900243,0.6244565460522011,20.81521818092482,39437610.0,2019.0,174341.0,174026.0,442.0678636458954,442.0485043745341,0.9981931960927148,CA,0.09538948315591335,-0.547981446949763,0.708147678905669,23.604922606584044
AL,57.58526896480777,12.277305821021907,13.93544450114519,31.37251864264067,418831.4736842105,105977.02631578948,12.723684210526315,3.1631578947368424,3294652.6315789474,3723775.5789473685,10.4,1.2234311740890687,AL,0.2813963782595026,0.336308355165505,0.3683191749989764,12.277305821021907,1169178.3846153845,144026.23076923078,34.05,4.0,3426403.0,3726728.3076923075,34.2,0.9956140350877192,AL,0.06565716671184925,0.20685042923027624,0.418063335452419,13.93544450114519,4907965.0,2019.0,24769.0,22322.0,504.66945057676656,453.5579571564302,0.9012071541039203,AL,0.09538948315591335,-1.5647187095919315,0.9411755602203957,31.37251864264067
LA,57.06789711344114,26.37716950508306,24.82957973081608,5.8611478775420025,438574.84210526315,98276.1052631579,14.589473684210526,3.2263157894736842,2996793.4736842103,3431687.4736842103,16.2,0.9005847953216375,LA,0.2813963782595026,-0.8109927606637242,0.791315085943807,26.37716950508306,1213082.1923076923,140418.1923076923,38.58461538461539,4.3,3137611.769230769,3431805.3846153845,41.1,0.9387984278495228,LA,0.06565716671184925,-0.6584870515590485,0.7448873926693698,24.82957973081608,4658285.0,2019.0,26072.0,29704.0,559.6909592264105,639.4395389077777,1.1393065357471617,LA,0.09538948315591335,0.9313571026028978,0.17583443650209452,5.8611478775420025
ME,56.89495159056109,9.56289692062132,18.009696436998194,29.32235823294158,68920.15789473684,24703.21052631579,7.078947368421052,2.539473684210526,973661.552631579,1067955.5789473683,5.5,1.2870813397129186,ME,0.2813963782595026,0.5625023311418128,0.2868869079055265,9.56289692062132,258090.92307692306,44002.11538461538,25.457692307692305,4.280769230769231,1012021.6153846154,1069033.5384615385,26.1,0.9753905098732684,ME,0.06565716671184925,-0.10116659659123303,0.5402908936502367,18.009696436998194,1345770.0,2019.0,1562.0,1466.0,116.06738149906745,108.58125188406248,0.93854033290653,ME,0.09538948315591335,-1.173342453347949,0.8796707478679181,29.32235823294158
CO,55.96905189568209,21.295833781926813,25.717575686908816,8.95564242684646,316134.15789473685,85797.8947368421,7.71578947368421,2.0631578947368423,4099431.8947368423,4470382.736842105,7.5,1.0287719298245614,CO,0.2813963782595026,-0.35545337065526317,0.6388750140966795,21.295833781926813,1146510.3846153845,118993.19230769231,26.96923076923077,2.75,4240206.423076923,4477612.615384615,28.9,0.9331913760979506,CO,0.06565716671184925,-0.7438859810647953,0.7715272713787917,25.717575686908816,5758486.0,2019.0,22149.0,24570.0,384.63234954465463,423.0576582648024,1.1093051605038602,CO,0.09538948315591335,0.6168426063427129,0.2686692730740631,8.95564242684646
RI,54.82619886304728,7.873880763844116,28.168614359083314,18.78370374011985,68138.26315789473,21161.13157894737,9.450000000000001,2.886842105263158,722110.8684210526,816977.3157894737,7.1,1.330985915492958,RI,0.2813963782595026,0.7185262858621921,0.2362164231515399,7.873880763844116,217450.5,32138.115384615383,28.74230769230769,4.165384615384616,753728.6538461539,816708.8461538461,31.4,0.9153601175894169,RI,0.06565716671184925,-1.0154672783021552,0.8450584316175579,28.168614359083314,1058158.0,2019.0,2357.0,2440.0,222.7455635169795,230.81470970793424,1.0352142554094188,RI,0.09538948315591335,-0.15987724413955032,0.5635111127671066,18.78370374011985
MO,54.78874005995004,26.254567859718453,16.989947029420446,11.544225170811137,400436.5263157895,102654.47368421052,9.58421052631579,2.4368421052631577,4177134.263157895,4624498.631578947,10.6,0.9041708043694141,MO,0.2813963782595026,-0.7982491387665382,0.7876370365791906,26.254567859718453,1232944.1538461538,147263.88461538462,28.334615384615386,3.3423076923076924,4345992.769230769,4627553.384615385,28.9,0.9804365184988023,MO,0.06565716671184925,-0.024312707240822063,0.5096984113923118,16.989947029420446,6140475.0,2019.0,30680.0,33385.0,499.63561450864955,542.7089246479097,1.088168187744459,MO,0.09538948315591335,0.39525661950123814,0.3463267554706609,11.544225170811137
OH,54.08670681684062,26.24771042627677,10.122394235243753,17.716602155320093,801337.052631579,201875.15789473685,10.128947368421052,2.5236842105263158,7900111.131578947,8826017.736842105,11.2,0.9043703007518797,OH,0.2813963782595026,-0.7975401872736314,0.7874313135757345,26.24771042627677,2335338.8846153845,284951.3846153846,28.238461538461536,3.376923076923077,8243081.961538462,8827623.307692308,27.8,1.0157719977863862,OH,0.06565716671184925,0.5138688966450307,0.3036718273609844,10.122394235243753,11696507.0,2019.0,34618.0,36104.0,295.9687024510822,308.7601983269446,1.0429256456178866,OH,0.09538948315591335,-0.07903614978260139,0.5314980651911009,17.716602155320093
OR,53.95420542960713,9.821891249839428,20.7257061097951,23.4066080699726,269205.63157894736,57237.97368421053,8.836842105263159,1.8605263157894738,3043526.0789473685,3310320.789473684,6.9,1.280701754385965,OR,0.2813963782595026,0.5398311604380076,0.2946567377898396,9.821891249839428,883645.1538461539,83120.5,28.08076923076923,2.603846153846154,3141129.0,3313825.6153846155,29.2,0.9616701791359326,OR,0.06565716671184925,-0.31013587480499544,0.6217711839156242,20.7257061097951,4216116.0,2019.0,12382.0,12380.0,293.6826216356476,291.8773916912079,0.9998384752059442,OR,0.09538948315591335,-0.5307334332401162,0.7021982428013762,23.4066080699726
AZ,53.77536733467768,21.790313535357864,22.357521787145657,9.627532012174154,496599.2631578947,112628.86842105263,9.76842105263158,2.1710526315789473,5088580.763157895,5646733.578947368,9.6,1.0175438596491229,AZ,0.2813963782595026,-0.39535463109396046,0.6537094067144453,21.790313535357864,1644789.1153846155,171754.07692307694,30.97307692307692,3.1384615384615384,5305293.884615385,5669563.846153846,32.5,0.9530177514792899,AZ,0.06565716671184925,-0.4419177973271126,0.6707256542850953,22.357521787145657,7291843.0,2019.0,32603.0,35980.0,447.1160445994243,484.8141206761365,1.1035794252062694,AZ,0.09538948315591335,0.5568177995384647,0.2888259606540506,9.627532012174154
DE,50.90757401667062,29.535404563542,2.2104719131276553,19.16169754000097,63470.34210526316,19508.105263157893,9.31578947368421,2.8394736842105264,680276.2105263158,758818.3684210526,11.8,0.7894736842105263,DE,0.2813963782595026,-1.205848983755,0.8860621377923221,29.535404563542,207714.57692307694,29370.73076923077,29.180769230769233,4.053846153846154,710771.1153846154,760748.2307692308,27.0,1.080769230769231,DE,0.06565716671184925,1.5038176903250755,0.06631415746014382,2.2104719131276553,976668.0,2019.0,4128.0,4262.0,422.66153902861566,431.89715537657236,1.0324612403100775,DE,0.09538948315591335,-0.18873802635850373,0.57485092677488,19.16169754000097
MN,50.28976130500217,24.80190073124505,22.106343342745188,3.38151723101194,243896.47368421053,68907.55263157895,6.326315789473685,1.7710526315789472,3856005.210526316,4244321.157894737,6.7,0.9442262372348783,MN,0.2813963782595026,-0.6559039063466482,0.7440570226814085,24.80190073124505,885066.5384615385,108841.53846153847,22.046153846153842,2.6846153846153844,4001239.0,4245566.0,23.1,0.9543789543789541,MN,0.06565716671184925,-0.42118581987767173,0.663190300945546,22.106343342745188,5640053.0,2019.0,13395.0,15698.0,237.4977681947315,277.48013112871735,1.1719298245614036,MN,0.09538948315591335,1.2733579997135303,0.10144551703180371,3.38151723101194
KS,50.0945607367038,9.082044161168518,24.085716986051583,16.92679958948369,170570.52631578947,40940.52631578947,8.83421052631579,2.1,1935373.605263158,2142715.0,6.8,1.2991486068111455,KS,0.2813963782595026,0.6053858507267683,0.27246132510751686,9.082044161168518,536563.8461538461,63596.61538461538,26.6,3.103846153846154,2012932.576923077,2143526.3846153845,28.2,0.9432624113475178,KS,0.06565716671184925,-0.5904977714613238,0.722571510304119,24.085716986051583,2912635.0,2019.0,11811.0,12385.0,405.50910086571093,425.0456018848207,1.0485987638641945,KS,0.09538948315591335,-0.01956294520474211,0.5078039881923146,16.92679958948369
NY,50.024813691737066,16.129449119560363,10.645027362341697,23.250337209835003,1405932.7368421052,333630.0,10.831578947368422,2.5289473684210524,12951337.684210526,14805359.157894736,9.5,1.1401662049861496,NY,0.2813963782595026,0.04040913422339175,0.4838834740706944,16.129449119560363,4518830.230769231,470641.76923076925,33.01923076923077,3.326923076923077,13623665.346153846,14786103.384615384,32.6,1.012859839546956,NY,0.06565716671184925,0.46951489257703777,0.31935082118960173,10.645027362341697,19463131.0,2019.0,70260.0,70339.0,360.9902230016332,363.757639846477,1.0011243951038997,NY,0.09538948315591335,-0.5172527029183706,0.6975101169925602,23.250337209835003
IA,49.71717455157355,14.466630843494723,19.449789962965607,15.80075374511322,172947.18421052632,48094.97368421053,8.228947368421052,2.2657894736842104,2113002.9210526315,2345055.210526316,7.0,1.175563909774436,IA,0.2813963782595026,0.16620217039261592,0.43399892573884064,14.466630843494723,568365.8461538461,72854.80769230769,25.753846153846155,3.2576923076923077,2201847.5384615385,2346047.6153846155,26.6,0.9681897050318102,IA,0.06565716671184925,-0.21083938940394192,0.5834936994724619,19.449789962965607,3159596.0,2019.0,9086.0,9601.0,287.5684106449052,303.48711467868014,1.0566806075280653,IA,0.09538948315591335,0.065161737186723,0.4740226128274192,15.80075374511322
NE,48.85977096049455,23.46729958680707,15.277260639559499,10.115210734127983,107950.63157894737,29596.342105263157,8.410526315789474,2.281578947368421,1285029.3684210526,1419025.9473684211,8.6,0.97796817625459,NE,0.2813963782595026,-0.5359949749367527,0.7040189883082311,23.46729958680707,342478.46153846156,42500.53846153846,25.71153846153846,3.1538461538461537,1330269.076923077,1419411.3076923077,26.0,0.988905325443787,NE,0.06565716671184925,0.10467255619815394,0.45831781964510276,15.277260639559499,1932571.0,2019.0,5887.0,6473.0,304.6201148625329,334.08135626811566,1.0995413623237642,NE,0.09538948315591335,0.5144854296701322,0.3034563223272958,10.115210734127983
TX,47.88361356190411,20.494610916483825,13.71927752044583,13.669725124974457,2435536.6578947366,390513.9210526316,12.873684210526315,2.031578947368421,18887130.842105262,21461573.789473683,12.3,1.0466409927257165,TX,0.2813963782595026,-0.29195197446928844,0.6148383281093531,20.494610916483825,7159624.538461538,537950.7692307692,36.080769230769235,2.5653846153846156,19796560.923076924,21509882.0,36.2,0.9967063323416915,TX,0.06565716671184925,0.22348680433866452,0.41157832602495326,13.71927752044583,28986794.0,2019.0,122263.0,131084.0,421.7886255375465,446.4598479896245,1.0721477470698413,TX,0.09538948315591335,0.2273089575096921,0.4100917541593255,13.669725124974457
SC,47.841126336422846,22.863840170103252,8.60958427581528,16.367701890504318,409560.0789473684,107932.28947368421,11.513157894736842,3.0105263157894737,3548949.8421052634,3989355.6315789474,11.6,0.9925136116152451,SC,0.2813963782595026,-0.48430477390921367,0.6859152057890128,22.863840170103252,1194147.3846153845,150882.57692307694,32.17307692307692,3.965384615384615,3704369.0,3998693.769230769,31.4,1.0246202841744243,SC,0.06565716671184925,0.6486338709984134,0.25828752853274595,8.60958427581528,5157702.0,2019.0,26307.0,27691.0,510.05273278681085,530.6781856789139,1.0526095715969133,SC,0.09538948315591335,0.02248369977144616,0.49103105720616064,16.367701890504318
UT,47.50173676886665,14.990156127574465,24.350941997754322,8.160638643537862,150290.7105263158,38336.68421052631,7.102631578947368,1.7894736842105263,2112626.4736842103,2294721.210526316,6.1,1.1643658326143227,UT,0.2813963782595026,0.12640749631267306,0.44970468427693866,14.990156127574465,514756.92307692306,55562.730769230766,23.542307692307695,2.5,2186051.9615384615,2300958.5384615385,25.0,0.9416923076923078,UT,0.06565716671184925,-0.6144114389837234,0.7305282606631579,24.350941997754322,3203383.0,2019.0,7588.0,8471.0,236.87457915584866,260.65585826426155,1.1163679493937797,UT,0.09538948315591335,0.6908841951662464,0.244819159550955,8.160638643537862
MT,45.588831466192374,15.789581409138522,23.567753748219225,6.231496308834628,61003.97368421053,20734.36842105263,8.031578947368422,2.7078947368421056,758513.1842105263,826090.4210526316,7.0,1.1473684210526316,MT,0.2813963782595026,0.06600369272847711,0.47368744274784313,15.789581409138522,202251.73076923078,31229.384615384617,25.73846153846154,3.9153846153846152,785109.3461538461,827884.1538461539,27.2,0.9462669683257919,MT,0.06565716671184925,-0.5447364764078785,0.7070326131536093,23.567753748219225,1070123.0,2019.0,4472.0,5077.0,417.89588673451556,469.8415753805606,1.1352862254025045,MT,0.09538948315591335,0.8892108385531593,0.18694488945198373,6.231496308834628
KY,45.21981658674906,22.969837216238428,19.057257929360823,3.1927214411498155,335657.8947368421,90044.23684210527,11.186842105263159,2.960526315789474,2996945.8157894737,3348533.4736842103,11.3,0.9899860270144387,KY,0.2813963782595026,-0.49328706649037635,0.6890951171762479,22.969837216238428,972679.6923076923,123976.96153846153,31.142307692307693,3.8653846153846154,3115884.230769231,3350578.769230769,32.1,0.9701653486700216,KY,0.06565716671184925,-0.18074909253076302,0.5717177384525425,19.057257929360823,4472345.0,2019.0,9872.0,11600.0,220.73431275986087,259.08755171421035,1.1750405186385737,KY,0.09538948315591335,1.3059684508267386,0.09578164333027611,3.1927214411498155
AK,43.211170736995115,10.03112076028129,6.049056705930349,27.130993270783478,45554.60526315789,11394.236842105263,9.439473684210526,2.3394736842105264,484198.36842105264,525045.947368421,7.4,1.2756045519203414,AK,0.2813963782595026,0.521717201412839,0.30093362310937233,10.03112076028129,151397.65384615384,16036.192307692309,30.315384615384616,3.1846153846153844,498943.96153846156,525101.7692307692,29.1,1.041765794343114,AK,0.06565716671184925,0.9097707891346544,0.18147170135938218,6.049056705930349,733603.0,2019.0,6346.0,6126.0,865.0455355280717,837.8490011734809,0.965332492908919,AK,0.09538948315591335,-0.8924712386607141,0.8139297989374341,27.130993270783478
PA,41.75595515861795,28.396849458374394,13.017802744544587,0.3413029556989741,763517.6315789474,173418.57894736843,8.765789473684212,1.9815789473684209,8688185.342105264,9771212.210526315,10.5,0.8348370927318297,PA,0.2813963782595026,-1.0446407663575838,0.8519054846031373,28.396849458374394,2495610.6153846155,265659.53846153844,27.407692307692308,2.853846153846154,9083783.346153846,9768931.384615384,27.4,1.0002807411566537,PA,0.06565716671184925,0.2779273017583788,0.39053408272687173,13.017802744544587,12798883.0,2019.0,39160.0,49793.0,305.9642001571543,389.5174108251311,1.2715270684371809,PA,0.09538948315591335,2.317469369024405,0.010239088681208312,0.3413029556989741
ID,39.772298793890954,22.575542025008072,2.5310437254620335,14.66571304342085,97535.15789473684,26588.157894736843,7.894736842105263,2.126315789473684,1238725.5,1355748.105263158,7.9,0.9993337774816788,ID,0.2813963782595026,-0.46006790949532905,0.6772662614275085,22.575542025008072,330228.3461538461,41572.0,25.71923076923077,3.1846153846153844,1283502.2307692308,1361540.4615384615,23.9,1.076118442227229,ID,0.06565716671184925,1.432983251757037,0.07593131183979232,2.5310437254620335,1789060.0,2019.0,4162.0,4432.0,232.63613294132114,242.59502231359676,1.0648726573762615,ID,0.09538948315591335,0.15104174803452658,0.43997139174259686,14.66571304342085
WI,39.719965780292995,25.362369868382466,3.037921486440798,11.319674425469731,288190.2368421053,83493.21052631579,7.155263157894736,2.0473684210526315,4018332.3421052634,4443775.421052632,7.7,0.9292549555707449,WI,0.2813963782595026,-0.7091074399412666,0.7608710968123451,25.362369868382466,1008422.8461538461,127677.07692307692,24.173076923076923,2.996153846153846,4161471.0,4446109.153846154,22.6,1.0696051735874743,WI,0.06565716671184925,1.3337820683075658,0.09113764468436159,3.037921486440798,5824581.0,2019.0,17305.0,18861.0,297.10291607241794,323.36903177026585,1.0899162091880958,WI,0.09538948315591335,0.41358171557896634,0.3395902331036822,11.319674425469731
OK,38.864091540126466,5.06900839756466,17.967081392861683,15.828001749700123,317322.1842105263,75671.94736842105,12.052631578947368,2.857894736842105,2636242.3684210526,2924434.3157894737,8.5,1.4179566563467492,OK,0.2813963782595026,1.027594730138995,0.15207025207901004,5.06900839756466,964632.6923076923,104323.15384615384,35.21923076923077,3.7,2736093.8076923075,2928125.846153846,36.1,0.9756019603665033,OK,0.06565716671184925,-0.09794607240743912,0.5390124423248629,17.967081392861683,3960676.0,2019.0,17279.0,18255.0,436.26391050416646,458.57812395199636,1.0564847502749002,OK,0.09538948315591335,0.06310849979948463,0.47484005296584375,15.828001749700123
NH,35.01455772045702,4.695789572660557,0.3898218803559586,29.928946267440505,66011.84210526316,22723.57894736842,6.728947368421053,2.2973684210526315,983497.6052631579,1075500.2105263157,4.7,1.4316909294512876,NH,0.2813963782595026,1.0764022989836541,0.1408736873206904,4.695789572660557,244114.6923076923,35313.230769230766,23.861538461538462,3.4038461538461537,1020851.2692307692,1076647.6923076923,21.1,1.1308786000729127,NH,0.06565716671184925,2.2670149437733955,0.011694656422373415,0.3898218803559586,1360783.0,2019.0,2152.0,2000.0,158.14424489429982,146.38341475910778,0.929368029739777,NH,0.09538948315591335,-1.2694987890706309,0.8978683889210836,29.928946267440505
TN,32.424332948685745,24.497831576283804,1.4293049234838806,6.497196448918059,518334.34210526315,119794.07894736843,11.044736842105262,2.518421052631579,4685014.184210527,5239723.2105263155,11.6,0.9521324863883847,TN,0.2813963782595026,-0.6278074212304992,0.734934948023449,24.497831576283804,1572416.0,173759.73076923078,32.18846153846154,3.4384615384615387,4881276.807692308,5248145.461538462,29.4,1.0948456305599163,TN,0.06565716671184925,1.7182101244741574,0.04287914774739557,1.4293049234838806,6830325.0,2019.0,40908.0,46328.0,598.9173282384074,672.7038868658661,1.1324924220201427,TN,0.09538948315591335,0.8599224590596323,0.19491589366245765,6.497196448918059
GA,31.95680456291079,19.871127132181016,11.224527195375657,0.8611502353541163,842659.4736842106,196067.84210526315,11.98157894736842,2.736842105263158,7034678.342105263,7980437.736842105,11.3,1.060316721006055,GA,0.2813963782595026,-0.2433524567181159,0.5961338145615643,19.871127132181016,2539617.6923076925,265797.1538461539,34.43076923076923,3.4846153846153842,7361573.153846154,7991724.538461538,34.1,1.0096999774419129,GA,0.06565716671184925,0.4213882026315093,0.3367358161980055,11.224527195375657,10628020.0,2019.0,34666.0,42850.0,326.17552469792116,400.09273561377165,1.2360814631050596,GA,0.09538948315591335,1.9458811796410354,0.025834507086457997,0.8611502353541163
ND,29.060662959780313,1.0385239278038467e-05,18.23768659386918,10.822965980671853,41428.94736842105,15906.973684210527,8.1,3.0921052631578947,510383.0789473684,560860.947368421,3.2,2.5312499999999996,ND,0.2813963782595026,4.983911973947214,3.115571786527112e-07,1.0385239278038467e-05,130463.07692307692,22346.076923076922,24.746153846153845,4.203846153846154,526450.0,560789.3846153846,25.4,0.9742580254391279,ND,0.06565716671184925,-0.1184150477635269,0.5471305983632061,18.23768659386918,763724.0,2019.0,2302.0,2518.0,301.417789672709,329.0174295611315,1.0938314509122502,ND,0.09538948315591335,0.4546265099799899,0.32468897974484456,10.822965980671853
NC,28.65624103043217,8.580514197056722,12.05167535655099,8.024051476824459,738629.5789473684,187003.34210526315,10.234210526315788,2.5657894736842106,7193055.078947368,8050370.842105263,7.8,1.3120782726045883,NC,0.2813963782595026,0.6513340817360498,0.2574154261691171,8.580514197056722,2304597.5384615385,280294.6538461539,30.661538461538463,3.603846153846154,7500703.5,8065511.538461538,30.5,1.0052963430012611,NC,0.06565716671184925,0.35431807668504506,0.36155026105807997,12.05167535655099,10501384.0,2019.0,39773.0,44451.0,378.74055457832986,419.31650023776456,1.1176174791944284,NC,0.09538948315591335,0.7039834358719163,0.2407215445454553,8.024051476824459
AR,26.059555194973992,21.76812689930799,0.1453838142128003,4.1460444814532025,246701.47368421053,57738.02631578947,12.31842105263158,2.873684210526316,2006663.3421052631,2252321.736842105,12.1,1.018051326663767,AR,0.2813963782595026,-0.3935512425152485,0.6530438076322835,21.76812689930799,724209.0,86659.38461538461,34.396153846153844,4.053846153846154,2103745.0384615385,2254996.230769231,29.8,1.1542333505420752,AR,0.06565716671184925,2.6227225022743568,0.004361514430745524,0.1453838142128003,3020985.0,2019.0,17547.0,20363.0,580.8370448711265,671.9304463059499,1.1604832734940447,AR,0.09538948315591335,1.1533599591680161,0.1243813345679774,4.1460444814532025
SD,24.796051963318057,1.2280433753220956,23.216897033698466,0.3511115542974946,49086.39473684211,17819.473684210527,8.323684210526316,2.9921052631578946,588139.9736842106,644454.8421052631,5.1,1.6320949432404543,SD,0.2813963782595026,1.7885792467777546,0.03684130129650417,1.2280433753220956,145681.34615384616,24463.423076923078,23.896153846153844,3.9884615384615385,608872.7692307692,645284.1538461539,25.2,0.9482600732600732,SD,0.06565716671184925,-0.5143802329984049,0.6965069117074609,23.216897033698466,887127.0,2019.0,3523.0,4476.0,397.1246506982653,501.39069828400267,1.2705080896962815,SD,0.09538948315591335,2.3067870725365007,0.010533346639458183,0.3511115542974946
WV,23.696733241611323,3.9253415707410975,10.840453441854246,8.930938229015979,137624.86842105264,41069.23684210526,11.11578947368421,3.2789473684210524,1235913.2105263157,1378901.7894736843,7.6,1.4626038781163435,WV,0.2813963782595026,1.1862578303741402,0.11776024723999318,3.9253415707410975,405339.6538461539,59549.42307692308,31.365384615384617,4.519230769230769,1290486.2307692308,1378590.6153846155,31.0,1.0117866004962779,WV,0.06565716671184925,0.45316878590770543,0.325213603580841,10.840453441854246,1795263.0,2019.0,5725.0,6352.0,318.89478031909533,355.8968100955464,1.1095196506550218,WV,0.09538948315591335,0.6190911786597577,0.2679281471384075,8.930938229015979
MS,20.97971545757332,11.627079772397813,0.5256504695881186,8.826985215587388,293315.5,72329.28947368421,15.228947368421053,3.6999999999999997,1915266.4473684211,2188612.4210526315,12.3,1.2381258023106547,MS,0.2813963782595026,0.3885287437592585,0.3488123935207468,11.627079772397813,790302.6153846154,100766.61538461539,39.2,4.8076923076923075,2013733.3846153845,2188124.3076923075,34.9,1.1232091690544415,MS,0.06565716671184925,2.1502046791433327,0.01576951410341307,0.5256504695881186,2978227.0,2019.0,7779.0,8638.0,261.1956711157343,291.1568276242371,1.1104255045635685,MS,0.09538948315591335,0.6285875495234732,0.26480955673243123,8.826985215587388
WY,17.98728335941532,1.9437350236604756,5.2197940135604775,10.823754322194366,34504.28947368421,12193.342105263158,8.636842105263158,3.018421052631579,399527.63157894736,435019.05263157893,5.5,1.570334928229665,WY,0.2813963782595026,1.569102310390768,0.05831205076812632,1.9437350236604756,118933.84615384616,18980.653846153848,28.826923076923077,4.523076923076923,412100.8076923077,435766.3076923077,27.5,1.0482517482517482,WY,0.06565716671184925,1.008555952026303,0.15659382056340815,5.2197940135604775,580116.0,2019.0,1247.0,1364.0,214.95700859828034,234.2322539874435,1.0938251804330392,WY,0.09538948315591335,0.45456077443972354,0.3247126299905436,10.823754322194366
