state,overall_score,gdp_score,unemp_score,jobs_score,changes_mean_!!gdp,2020:Q2_over19_!!gdp,2020:Q3_over19_!!gdp,2020:Q4_over19_!!gdp,2021:Q1_over19_!!gdp,2021:Q2_over19_!!gdp,state_!!gdp,std_dev_!!gdp,zscore_!!gdp,percentile_!!gdp,score_!!gdp,state_!!unemp,Jan_change_2021_19_!!unemp,Feb_change_2021_19_!!unemp,Mar_change_2021_19_!!unemp,Mar_change_2020_19_!!unemp,Apr_change_2021_19_!!unemp,Apr_change_2020_19_!!unemp,May_change_2021_19_!!unemp,May_change_2020_19_!!unemp,Jun_change_2021_19_!!unemp,Jun_change_2020_19_!!unemp,Jul_change_2021_19_!!unemp,Jul_change_2020_19_!!unemp,Aug_change_2021_19_!!unemp,Aug_change_2020_19_!!unemp,Sep_change_2021_19_!!unemp,Sep_change_2020_19_!!unemp,Oct_change_2021_19_!!unemp,Oct_change_2020_19_!!unemp,Nov_change_2020_19_!!unemp,Dec_change_2020_19_!!unemp,mean_unemp_changes_!!unemp,std_dev_!!unemp,zscore_!!unemp,percentile_!!unemp,score_!!unemp,state_!!jobs,Jan_change_2021_19_!!jobs,Feb_change_2021_19_!!jobs,Mar_change_2021_19_!!jobs,Mar_change_2020_19_!!jobs,Apr_change_2021_19_!!jobs,Apr_change_2020_19_!!jobs,May_change_2021_19_!!jobs,May_change_2020_19_!!jobs,Jun_change_2021_19_!!jobs,Jun_change_2020_19_!!jobs,Jul_change_2021_19_!!jobs,Jul_change_2020_19_!!jobs,Aug_change_2021_19_!!jobs,Aug_change_2020_19_!!jobs,Sep_change_2021_19_!!jobs,Sep_change_2020_19_!!jobs,Oct_change_2021_19_!!jobs,Oct_change_2020_19_!!jobs,Nov_change_2020_19_!!jobs,Dec_change_2020_19_!!jobs,mean_jobs_changes_!!jobs,std_dev_!!jobs,zscore_!!jobs,percentile_!!jobs,score_!!jobs
NE,90.10854242284293,31.72986743901367,30.591347943325292,27.78732704050396,1.0142395205185717,0.9325726714401474,0.9995552931485667,1.0193125626461745,1.0584543249521727,1.0613027504057968,NE,0.022632195985184882,1.6635221952272532,0.9518960241223061,31.72986743901367,NE,1.0666666666666667,1.0333333333333334,0.9666666666666667,1.0333333333333334,0.9333333333333332,2.466666666666667,0.8666666666666667,1.8,0.8333333333333334,2.1999999999999997,0.7666666666666666,1.4666666666666668,0.7333333333333334,1.3333333333333333,0.6666666666666666,1.2666666666666666,0.6551724137931034,1.2413793103448276,1.1724137931034482,1.1724137931034482,1.183735632183908,0.5396011334179114,-1.3900321278954861,0.9177404392174993,30.591347943325292,NE,0.9728387850467289,0.9781356759394827,0.9861940663859787,1.0047978067169294,0.982819211245607,0.914681764935572,0.9782672254166261,0.9218399766104669,0.9839243959469991,0.9399844115354636,0.9874428112527986,0.9513287257860411,0.9888197550068055,0.95848726424266,0.9914355231143552,0.9628223844282238,0.9953348235980172,0.9658858975605014,0.9639945652173911,0.9686590335726761,0.9698847051779662,0.02890450787789555,0.9685688012596102,0.8336198120487386,27.78732704050396
SD,89.07599851260761,31.082268004394667,29.09120872485663,28.90252178335632,1.0104125362720087,0.9392505897062426,1.0062592141804094,1.0202709504685408,1.036581184125365,1.0497007428794851,SD,0.022632195985184882,1.4944275015851436,0.932468041064308,31.082268004394667,SD,1.0333333333333334,1.0,0.9666666666666667,0.9666666666666667,0.9333333333333332,3.0666666666666664,0.9333333333333332,2.3333333333333335,0.9666666666666667,2.033333333333333,0.9666666666666667,1.8,0.9666666666666667,1.5666666666666667,0.9666666666666667,1.3333333333333333,0.9333333333333332,1.2333333333333334,1.2413793103448276,1.1379310344827587,1.3189655172413792,0.5396011334179114,-1.1394213031907539,0.8727362626184352,29.09120872485663,SD,0.9807037457434733,0.9856590029592533,0.9913459348667729,1.0031883397859258,0.9943013448826077,0.9081376795076361,0.9895311788802914,0.9201183431952663,0.9902317128577919,0.9386642435256701,0.9936522330537293,0.9501246882793017,0.9922832501134815,0.9641398093508852,0.9907071622846783,0.9728014505893019,0.994343891402715,0.9735294117647059,0.9712864571557767,0.9762497172585388,0.9740499798728901,0.02890450787789555,1.1126734756072834,0.8670756543677652,28.90252178335632
UT,88.8961522323879,30.697852636867548,25.437499597753664,32.760799997766696,1.008533277467918,0.9466106427491838,1.0074497225287113,1.01291296327352,1.0315227111128595,1.0441703476753157,UT,0.022632195985184882,1.4113927485580515,0.9209355800269621,30.697852636867548,UT,1.1071428571428572,1.111111111111111,1.074074074074074,0.9259259259259258,1.0769230769230769,3.884615384615384,1.0384615384615385,2.923076923076923,1.08,2.52,1.04,2.16,1.0,1.92,1.0,1.7500000000000002,0.9166666666666667,1.5833333333333333,1.4583333333333335,1.375,1.547233211233211,0.5396011334179114,-0.7163908833953925,0.763124988695735,25.437499597753664,UT,1.0200753638253637,1.0239994810923008,1.0251665911884582,1.0148799896487029,1.0260309278350517,0.9228092783505155,1.0220493700179996,0.9496657238364619,1.0271903323262839,0.9659317349103298,1.03456457611902,0.9763370527125818,1.0352121676891617,0.98344836400818,1.0355339681728126,0.9834473061928803,1.0382701875239189,0.9864778670748819,0.9935023569881514,0.9963712757830404,1.003048195764805,0.02890450787789555,2.115915461750593,0.9828240009158249,32.760799997766696
ID,86.20448607435699,29.330569651162367,23.81989596481375,33.05402045838088,1.0031735135803843,0.9285951888361527,1.0082007138585436,1.0075439535765,1.032942393928941,1.0385853177017836,ID,0.022632195985184882,1.174572428910665,0.8799170904147882,29.330569651162367,ID,1.206896551724138,1.1379310344827587,1.142857142857143,0.9642857142857144,1.1071428571428572,4.142857142857143,1.0714285714285714,2.964285714285715,1.0714285714285714,2.5,1.0714285714285714,2.107142857142857,1.0357142857142858,1.7500000000000002,1.074074074074074,2.222222222222222,1.037037037037037,1.7777777777777777,1.6538461538461537,1.52,1.6279178139867796,0.5396011334179114,-0.566864505934877,0.7145968796590094,23.81989596481375,ID,1.0386100386100385,1.0408244680851064,1.0429521276595743,1.0277925531914893,1.0385175380542688,0.9183322303110523,1.0344599947187747,0.9490361763929231,1.0382132033205955,0.974304915008565,1.0378200919238345,0.9879185817465528,1.0335078534031414,0.9950261780104712,1.0315899855813344,0.9996067636649627,1.024380704041721,0.9983050847457627,1.0023388773388773,1.0070038910505836,1.0110270628429816,0.02890450787789555,2.3919577701643058,0.9916206147430472,33.05402045838088
MT,85.3545728967739,27.6330274297425,28.22754172991196,29.494003737119442,0.9980951291459534,0.9312091601222948,0.9922840954664528,0.9952879804109442,1.0300816252961171,1.0416127844339582,MT,0.022632195985184882,0.9501848158944468,0.8289908237212659,27.6330274297425,MT,1.081081081081081,1.0833333333333333,1.0555555555555556,1.0555555555555556,1.027777777777778,3.3055555555555554,1.0,2.5277777777777777,1.027777777777778,2.111111111111111,1.0,1.8333333333333333,0.9722222222222222,1.611111111111111,0.9166666666666666,1.4444444444444444,0.8611111111111112,1.3055555555555556,1.25,1.1666666666666667,1.381831831831832,0.5396011334179114,-1.022916146516511,0.846826252744185,28.22754172991196,MT,0.9912844988586844,0.9931435694992727,1.0004160599126275,1.014354066985646,0.9954432477216238,0.8819386909693455,0.9888521882741537,0.9273327828241124,0.9948304383788255,0.9522332506203474,0.9971157807993408,0.9575607746188711,0.9909502262443439,0.9635952283011107,0.9893070121324286,0.9749126053876208,0.9897330595482546,0.9741273100616016,0.9759901498050483,0.9780332580578935,0.9765577099500578,0.02890450787789555,1.1994326097797565,0.8848201129984034,29.494003737119442
AR,81.8230581705999,27.142733475937042,25.298541197380924,29.381783497281926,0.9968187174884573,0.9211722003105803,0.9923848140165176,0.9982634954665011,1.033810416002612,1.038462661646076,AR,0.022632195985184882,0.8937867686907335,0.8142820050923932,27.142733475937042,AR,1.2777777777777777,1.25,1.2571428571428573,1.1142857142857143,1.2941176470588236,2.9411764705882355,1.2941176470588236,2.5,1.2571428571428573,2.2285714285714286,1.2285714285714284,2.0285714285714285,1.2,1.8571428571428572,1.1428571428571428,1.6857142857142857,1.0571428571428572,1.5999999999999999,1.5142857142857142,1.3611111111111112,1.5544864612511673,0.5396011334179114,-0.7029490101880232,0.7589562366803839,25.298541197380924,AR,0.9853643265242232,0.9847393958365942,0.9885714285714287,1.0080626223091975,0.9857701329163409,0.911024237685692,0.990290501918409,0.9349307023725629,0.9927121698926417,0.9543922890055639,0.9935085249491632,0.9606600969810731,0.991869918699187,0.966541588492808,0.9922656249999999,0.9684375,0.9938507044446173,0.9694092005915779,0.9732774023149228,0.9755624515128006,0.9760620410009404,0.02890450787789555,1.182284109925988,0.8814535057999113,29.381783497281926
AZ,81.31439796096004,25.867633763045305,25.651441802066696,29.795322395848036,0.9937648141643504,0.9307912024871101,0.9974336842358459,1.00345645898281,1.0140614960478704,1.0230812290681148,AZ,0.022632195985184882,0.7588505333335447,0.7760290136673882,25.867633763045305,AZ,1.34,1.3800000000000001,1.34,1.0,1.3673469387755102,2.897959183673469,1.3673469387755102,2.1632653061224487,1.387755102040816,2.1836734693877546,1.3469387755102038,2.122448979591837,1.2916666666666667,1.4583333333333335,1.1875,1.4375000000000002,1.1063829787234043,1.4468085106382977,1.4468085106382977,1.4468085106382977,1.5359271602257925,0.5396011334179114,-0.7373434913630674,0.7695432548315442,25.651441802066696,AZ,0.9907726208511224,0.9885211533835104,0.990470640660885,1.020189901621362,0.9904918257062726,0.9103221834598809,0.9939220105169707,0.9374445127364611,1.0058282208588958,0.9561690524880709,1.0112092391304348,0.9537024456521739,1.0044567492740901,0.954115740428118,1.0050980789358182,0.9582025051487221,1.006333804999663,0.960346337847854,0.9619546951670362,0.9592849716604622,0.9779418345263904,0.02890450787789555,1.247318724367133,0.8938596727693008,29.795322395848036
MS,78.34045390933463,24.261007851755586,28.93052804428612,25.14891801329292,0.9903114435404049,0.9143289470557011,0.990583776435312,0.9929164121088268,1.0251040555468518,1.0286240265553328,MS,0.022632195985184882,0.6062638985144555,0.7278302362804978,24.261007851755586,MS,1.1851851851851851,1.1666666666666665,1.1481481481481481,1.111111111111111,1.1481481481481481,2.907407407407407,1.1296296296296295,2.0370370370370368,1.1272727272727272,1.7454545454545454,1.0892857142857142,1.517857142857143,1.0526315789473684,1.368421052631579,1.0175438596491226,1.263157894736842,0.9821428571428572,1.2321428571428572,1.1964285714285716,1.2,1.3312836067441332,0.5396011334179114,-1.1165931645159342,0.8679158421964994,28.93052804428612,MS,0.9681089467333218,0.9655797101449275,0.9690223487790145,0.9979290706704633,0.9694142042509071,0.8743735959910143,0.972457261267484,0.9026938352616128,0.9772766545705891,0.933817176429929,0.9810115656827205,0.9457103400655965,0.9792799792799792,0.9538979538979541,0.9840200397339552,0.9604388010710893,0.9912705272255835,0.9680207433016422,0.9688336355003022,0.9726997840172787,0.9617928086937685,0.02890450787789555,0.6886160506927712,0.7544675411532552,25.14891801329292
WA,73.1421742613974,31.147110713776467,20.85081369010623,21.14424985751471,1.0107534561640281,0.9419067766110495,1.0029230241760008,1.0068801330969306,1.0434454991544757,1.0586118477816842,WA,0.022632195985184882,1.5094909930926677,0.9344133223477074,31.147110713776467,WA,1.3333333333333333,1.2444444444444445,1.25,1.2045454545454544,1.2558139534883723,3.790697674418605,1.2380952380952381,2.9761904761904763,1.2682926829268295,2.634146341463415,1.2439024390243902,2.634146341463415,1.2439024390243902,2.2195121951219514,1.275,2.0,1.2820512820512822,1.794871794871795,1.717948717948718,1.6153846153846154,1.7611139711898356,0.5396011334179114,-0.32002262782507335,0.6255244113287113,20.85081369010623,WA,0.9504429920116195,0.964645726807889,0.9654542290288897,1.0145028425571412,0.9665355469427893,0.8969746051946549,0.9670697567029352,0.8941672198331841,0.9726335196174454,0.9162297632079276,0.9779714146032841,0.9237339314985764,0.9809668714474363,0.9317907791238446,0.9862789562821139,0.935671843155266,0.9868409735959405,0.9346635704251598,0.9367342264971945,0.9329449394562487,0.9518126853994768,0.02890450787789555,0.34333692203741506,0.6343274963597687,21.14424985751471
IA,71.16401144759773,29.732840863397612,21.09785650857098,20.33331407562913,1.0045898944583715,0.9217556574255985,0.9874335044035085,0.9982573839374479,1.052959959196481,1.062542967328822,IA,0.022632195985184882,1.2371549939836433,0.8919852267939136,29.732840863397612,IA,1.3333333333333333,1.3703703703703702,1.3703703703703702,1.074074074074074,1.4074074074074072,4.111111111111111,1.4444444444444444,3.074074074074074,1.4814814814814814,2.6296296296296293,1.4642857142857142,2.1785714285714284,1.4642857142857142,1.892857142857143,1.4285714285714286,1.6785714285714288,1.392857142857143,1.5000000000000002,1.392857142857143,1.3214285714285716,1.7505291005291006,0.5396011334179114,-0.3396387294327347,0.6329356958900652,21.09785650857098,IA,0.9528960442739451,0.9527653402282903,0.9608882159979814,0.9994322482967448,0.956149193548387,0.8899319556451613,0.9567244094488189,0.895244094488189,0.9634916624557858,0.9222460838807478,0.9680857773573006,0.9376852727846106,0.9658130440267441,0.9404566670871704,0.969752347343878,0.9465624803075177,0.9688561721404304,0.9517427960236567,0.9496538703587162,0.9508670520231215,0.9499622363858597,0.02890450787789555,0.2793175302721535,0.6099994228788733,20.33331407562913
KS,70.77774198960634,24.349162081021188,23.746272406975088,22.68230750161007,0.9904921818881934,0.9136792919149107,0.9850402311591678,0.9954011974567182,1.0270473679949808,1.0312928209151897,KS,0.022632195985184882,0.6142497938251379,0.7304748631611105,24.349162081021188,KS,1.0303030303030303,1.1515151515151516,1.15625,1.0,1.129032258064516,4.064516129032258,1.129032258064516,2.903225806451613,1.1935483870967742,2.258064516129032,1.225806451612903,2.129032258064516,1.225806451612903,2.0,1.2580645161290323,1.9677419354838708,1.2580645161290323,1.5161290322580645,1.5161290322580645,1.5161290322580645,1.6314195381231673,0.5396011334179114,-0.560375038215995,0.7123881729216408,23.746272406975088,KS,0.9608202381791277,0.959035464993302,0.9682830561037497,1.002184945023964,0.961241940005607,0.8906644238856182,0.9624894633323968,0.9143720146108458,0.9660933660933662,0.9314847314847315,0.9718101933216169,0.9461511423550089,0.9708418027616176,0.9522674703862058,0.9736860571187986,0.9506701284120412,0.9741844966678359,0.9525078919677306,0.9507817429713243,0.9493342676944639,0.9554452418684674,0.02890450787789555,0.4690113145694009,0.6804692257287713,22.68230750161007
NC,69.3212542946296,21.78237322500421,21.863224234396817,25.67565683522856,0.9855234932944864,0.910113105267327,0.976587151453881,0.9870396094506964,1.0216110788018067,1.0322665214987201,NC,0.022632195985184882,0.39470907418133716,0.6534711974035975,21.78237322500421,NC,1.475,1.425,1.3,0.975,1.2820512820512822,3.4615384615384617,1.2307692307692308,3.4615384615384617,1.2105263157894737,2.3157894736842106,1.1578947368421053,2.3157894736842106,1.162162162162162,1.8378378378378377,1.162162162162162,1.9729729729729728,1.1388888888888888,1.8888888888888888,1.8285714285714287,1.7428571428571427,1.7172619460119456,0.5396011334179114,-0.401290109418607,0.6558967276878013,21.863224234396817,NC,0.9744878916284279,0.9775391911474114,0.9789762139647047,1.008440206072564,0.9776214273189551,0.8879975451516746,0.9763812275632607,0.9028106120304702,0.9844204086091991,0.9302523762700754,0.9879420871309581,0.9399066765513934,0.9842728936133136,0.9489195782870088,0.984716870224022,0.9541723815122025,0.989720966620306,0.9568193671766341,0.9580267812574604,0.9619830409229901,0.9632703871526518,0.02890450787789555,0.7397353593184428,0.7702697058271265,25.67565683522856
MO,66.61546610357804,20.71274960670669,23.167787516512842,22.734928980358507,0.9835862824791463,0.9133872187770843,0.9786608617026271,0.9869422747736065,1.0143648837900352,1.0245761733523786,MO,0.022632195985184882,0.3091137207031216,0.6213824888225832,20.71274960670669,MO,1.3437499999999998,1.3437499999999998,1.3125,1.15625,1.3225806451612903,4.032258064516129,1.3548387096774195,3.096774193548387,1.3437499999999998,2.5312499999999996,1.3125,2.125,1.2121212121212122,1.8181818181818183,1.1176470588235294,1.5882352941176472,1.0882352941176472,1.4705882352941178,1.342857142857143,1.2571428571428573,1.65851052627796,0.5396011334179114,-0.510169457691739,0.6950336261904189,23.167787516512842,MO,0.9657414095552573,0.9631810980230074,0.9681458548331614,1.001857585139319,0.9658915261223507,0.8825610551987084,0.9684977154831838,0.901130234635336,0.9690796028446765,0.9240388909884221,0.9709613274821721,0.943431157432803,0.9734558798312699,0.9485922013786481,0.97607786688601,0.9511275618616765,0.9765410958904109,0.9517808219178081,0.9533898305084746,0.9559782794303473,0.9555730497721522,0.02890450787789555,0.4734330436721672,0.6820478700928031,22.734928980358507
KY,66.58674311376664,20.707302238644033,27.532650551147494,18.346790323975117,0.9835765584897243,0.9057821772421027,0.9793084035904491,0.9866952171394042,1.01846696533697,1.027630029139695,KY,0.022632195985184882,0.3086840677684982,0.62121906778054,20.707302238644033,KY,1.2619047619047619,1.2380952380952381,1.2195121951219514,1.024390243902439,1.1463414634146343,4.121951219512195,1.0975609756097562,2.658536585365854,1.0731707317073174,1.3902439024390245,1.0731707317073174,1.3658536585365855,1.048780487804878,1.3414634146341464,1.048780487804878,1.3414634146341464,1.024390243902439,1.3414634146341464,1.3658536585365855,1.3658536585365855,1.4274390243902437,0.5396011334179114,-0.938395952369532,0.8259795173604043,27.532650551147494,KY,0.9551384520187697,0.9585160724420825,0.9582432293275666,1.0015961281021522,0.9586210450376172,0.8564876842213748,0.9589894000205824,0.8707419985592261,0.9586891655520116,0.9169667661282026,0.9556685673190528,0.9299327066317357,0.9629344816979392,0.9403260535219933,0.9652254192952762,0.9450684720726265,0.9684048291805806,0.9538659131774981,0.951417004048583,0.9441738862972265,0.9455503637326048,0.02890450787789555,0.12668138535342713,0.5504037102696573,18.346790323975117
IN,64.31155887154515,25.272857374304728,18.893437534282466,20.14526396295795,0.9924437258311976,0.9073456289305938,0.9860640410067971,0.992027991479581,1.0337526045978143,1.0430283631412012,IN,0.022632195985184882,0.7004784542821968,0.7581857219873276,25.272857374304728,IN,1.2,1.1764705882352942,1.1818181818181819,1.0,1.1818181818181819,5.121212121212121,1.25,3.75,1.2812499999999998,3.1562499999999996,1.2812499999999998,2.6874999999999996,1.2812499999999998,2.28125,1.09375,1.9687499999999998,1.064516129032258,1.8064516129032255,1.6129032258064515,1.4838709677419353,1.843015550428382,0.5396011334179114,-0.16824092432906687,0.5668031265952771,18.893437534282466,IN,0.957333249115715,0.9575577536895995,0.9576169405815423,0.9919089759797725,0.9598972863302054,0.8446931270606137,0.9645024946769633,0.8852766390186545,0.9667300983190612,0.9205835712020298,0.9721755131825247,0.9423205050921666,0.9689863603278585,0.9469603468464192,0.9706991035509519,0.9502359910038329,0.9732292423907202,0.9525269445936976,0.952820059369671,0.9547075718839756,0.9495380887107986,0.02890450787789555,0.2646434290263225,0.6043579194930965,20.14526396295795
GA,63.321063281580564,14.122760300530462,24.538123952903447,24.66017902814666,0.9722340973508878,0.9081188604077127,0.9642468386451322,0.9716211003599292,1.005722786174154,1.0114609011675104,GA,0.022632195985184882,-0.19248078367858312,0.4236828094395967,14.122760300530462,GA,1.3076923076923077,1.263157894736842,1.2162162162162162,0.9729729729729729,1.1944444444444444,3.4722222222222223,1.1388888888888888,2.611111111111111,1.1428571428571428,2.4,1.0571428571428572,2.1714285714285713,1.0,2.0,0.9705882352941176,1.911764705882353,0.9393939393939394,1.787878787878788,1.696969696969697,1.6060606060606062,1.5930395300596536,0.5396011334179114,-0.6315016643229663,0.7361437193232472,24.538123952903447,GA,0.9693168702772151,0.9707948243992606,0.9744163804721122,1.007912011476764,0.9725670064995762,0.881899006586527,0.9743188972104634,0.9085639856724195,0.9814056303231259,0.9310621329345729,0.9878589824052634,0.9354859653299284,0.9859364873622812,0.9419096997191618,0.9894248408330636,0.9461098521635912,0.9924792587005712,0.9500484861545092,0.9521975776090184,0.9556309595395586,0.9604669427834489,0.02890450787789555,0.6427454925113076,0.7398053715842052,24.66017902814666
AL,62.5695773833058,15.055364818192869,22.219264501599607,25.29494806351332,0.9738413163287,0.9076952096522066,0.9759095342402074,0.9796702696054987,1.0014202706944697,1.004511297451117,AL,0.022632195985184882,-0.12146606734861577,0.451660944997447,15.055364818192869,AL,1.1944444444444444,1.1428571428571428,1.1515151515151516,0.787878787878788,1.125,4.124999999999999,1.096774193548387,2.5483870967741935,1.1379310344827587,2.6551724137931036,1.103448275862069,2.5517241379310347,1.1071428571428572,2.5357142857142856,1.1071428571428572,2.3928571428571432,1.1071428571428572,1.6785714285714288,1.7407407407407407,1.7407407407407407,1.701509279456999,0.5396011334179114,-0.43048327744471343,0.6665779357145661,22.219264501599607,AL,0.9754951813647149,0.9778390671118209,0.9783396992699317,1.0045447952424695,0.9695301559708339,0.8883577188661934,0.9687816646562123,0.9100120627261761,0.9759849544292811,0.9309446882384145,0.9762764063327077,0.9415331312256388,0.9779188916149517,0.9476595949391448,0.9841598459316321,0.9533461723639864,0.9910052910052911,0.962000962000962,0.964428015937785,0.9657836644591611,0.9621970981843653,0.02890450787789555,0.702603124691909,0.7588484426642481,25.29494806351332
TN,61.86166661694273,18.732413552364754,16.265770384175525,26.863482680402445,0.9801203463468149,0.8810866339877366,0.9677768189646513,0.9788948117852048,1.0319166048121866,1.0409268621842953,TN,0.022632195985184882,0.15597188088341585,0.5619724071329151,18.732413552364754,TN,1.5,1.4411764705882355,1.5454545454545454,1.2121212121212122,1.5151515151515151,4.787878787878788,1.5151515151515151,2.909090909090909,1.484848484848485,2.8181818181818183,1.4242424242424243,2.6969696969696972,1.3939393939393938,2.4545454545454546,1.2941176470588236,2.323529411764706,1.2352941176470589,2.2941176470588234,1.5999999999999999,1.5555555555555554,1.950068330362448,0.5396011334179114,0.030151505382817127,0.4879731120132389,16.265770384175525,TN,0.9753961097513849,0.9777713440133823,0.9806221479529532,1.0088051931358055,0.9825682182985553,0.8904975922953451,0.983232880225699,0.9086304180559117,0.9910022414345181,0.9399935959013769,0.989371238314765,0.9432065565373287,0.9898109109492781,0.9496614283889101,0.9859397417503587,0.955714968914395,0.9912681912681912,0.9654565808411962,0.9623482942057145,0.9653118430273301,0.9668304747631199,0.02890450787789555,0.8629025699662551,0.8059044812179779,26.863482680402445
SC,60.66519264163122,25.900767790400987,12.413215837872672,22.351209013357565,0.9938401161098656,0.9189977598452017,0.991835602238766,0.9959988041652733,1.0256160813172792,1.0367523329828072,SC,0.022632195985184882,0.7621777378860541,0.7770230344890526,25.900767790400987,SC,1.6562499999999998,1.625,1.5937499999999998,0.9375,1.6129032258064515,3.7096774193548385,1.586206896551724,3.9655172413793105,1.6666666666666665,2.8518518518518516,1.6538461538461537,2.923076923076923,1.7500000000000002,2.2500000000000004,1.7083333333333333,2.2500000000000004,1.625,2.2500000000000004,2.3333333333333335,2.2399999999999998,2.1094456522600296,0.5396011334179114,0.32551286033042937,0.37239647550857663,12.413215837872672,SC,0.9683058098348589,0.9715835938936913,0.9722222222222222,1.0028925619834712,0.9664515538468579,0.8643873861503958,0.9654494767149582,0.8944289566290389,0.9682032070903194,0.9241628215085202,0.9725284738041001,0.9300227790432802,0.974575885750671,0.9411470414335745,0.978303388674096,0.9464180122811007,0.9809939526212885,0.951211749192925,0.95719808960655,0.9624528387653984,0.954646990052366,0.02890450787789555,0.44139445219369383,0.6705362710712632,22.351209013357565
TX,58.92377503463698,20.375678837914325,11.946686794616564,26.601409402106093,0.9829869335123831,0.9143425376944544,0.9762025730957391,0.9824342712506304,1.0162803814048607,1.0256749041162312,TX,0.022632195985184882,0.28263158140229966,0.6112703657487001,20.375678837914325,TX,1.8378378378378377,1.9166666666666667,1.9714285714285715,1.4000000000000001,1.9142857142857144,3.685714285714286,1.9411764705882353,3.411764705882353,1.911764705882353,3.0,1.7714285714285716,2.6571428571428575,1.6857142857142857,1.9714285714285715,1.5999999999999999,2.257142857142857,1.542857142857143,2.085714285714286,2.0571428571428574,1.9714285714285715,2.129531947914301,0.5396011334179114,0.3627371995882842,0.3584006041968975,11.946686794616564,TX,0.978064088815997,0.9754750818021646,0.9829361992976501,1.0139291522307854,0.9821932630786601,0.9030705055827374,0.9836739166164465,0.920138372557153,0.9869397006526242,0.9355660635429286,0.9910871496018824,0.9344079654704956,0.9922325718817547,0.9391901348220255,0.9983998632892908,0.9434437116957565,1.0013185551737778,0.9500267589138208,0.9515538810277199,0.9566293769051046,0.966013815647939,0.02890450787789555,0.8346488761607483,0.798042282861225,26.601409402106093
ME,57.97763791650098,26.959014487957788,14.742144279035559,16.27647914950764,0.9963567370538697,0.9284251092208211,0.9980792876757368,1.0002831459850732,1.0236053944509655,1.0313907479367523,ME,0.022632195985184882,0.8733742362572934,0.808770435447504,26.959014487957788,ME,1.7333333333333334,1.7142857142857144,1.7777777777777777,1.1481481481481481,1.846153846153846,3.4999999999999996,1.846153846153846,3.1923076923076925,1.846153846153846,2.0384615384615383,1.8148148148148149,3.2592592592592595,1.8148148148148149,1.9259259259259258,1.7777777777777777,1.8148148148148149,1.8148148148148149,1.7777777777777777,1.8148148148148149,1.7857142857142858,2.012165242165243,0.5396011334179114,0.14523078887035204,0.4422643288133311,14.742144279035559,ME,0.9488591660110149,0.9524933144565045,0.9628930817610063,1.0009433962264151,0.960100534087339,0.8567389255419415,0.9610491597298569,0.8760797863986177,0.966138893243455,0.8901081674243612,0.9715632364493323,0.9060487038491752,0.962887566551832,0.9171625430629502,0.9594425305355465,0.9392420920764171,0.9614540896270761,0.9415543716703226,0.9434346599811971,0.942615239887112,0.9410404729285737,0.02890450787789555,-0.02934586212930814,0.4882943749735236,16.27647914950764
FL,54.853113188790644,20.520293829330473,13.261542261744287,21.07127709771589,0.9832435011698859,0.9162512248619528,0.9769698733396868,0.9817342966623163,1.015368199096285,1.025893911889189,FL,0.022632195985184882,0.2939679827692181,0.615608815495523,20.520293829330473,FL,1.3714285714285714,1.3823529411764708,1.3823529411764708,1.4411764705882355,1.4545454545454546,4.242424242424242,1.484848484848485,4.303030303030303,1.5625,3.6249999999999996,1.5454545454545454,3.484848484848485,1.5151515151515151,2.393939393939394,1.4999999999999998,2.25,1.4374999999999998,1.8124999999999998,1.6875,1.5937499999999998,2.0735151674306085,0.5396011334179114,0.258925741430526,0.3978462682501749,13.261542261744287,FL,0.9562226250661503,0.9568263735276614,0.9592175512584683,1.0093992552380098,0.9603663315345171,0.8736089030206677,0.963751258248518,0.9004473772508668,0.9707377571200322,0.931821990815745,0.9763645278477346,0.9360137288551117,0.97657040554215,0.9340146115268713,0.9852231537281239,0.9407369521225734,0.9863171539680253,0.9388315846619173,0.9376631998229698,0.9387574618615963,0.9516446101508855,0.02890450787789555,0.3375220765018563,0.6321383135636149,21.07127709771589
OH,53.621152279252414,15.79794722972245,22.330842767900847,15.49236228162911,0.9751108203285723,0.9060860659437333,0.970287682806321,0.9787709171240632,1.0080208177838208,1.012388617984923,OH,0.022632195985184882,-0.06537323390446485,0.47393841736561193,15.79794722972245,OH,1.2325581395348837,1.1904761904761905,1.1463414634146343,1.1951219512195124,1.175,4.1,1.25,3.725,1.2682926829268295,2.51219512195122,1.2857142857142858,2.2142857142857144,1.2857142857142858,2.142857142857143,1.2619047619047619,1.7619047619047619,1.2142857142857142,1.3333333333333333,1.3333333333333333,1.3023255813953487,1.6965322232125977,0.5396011334179114,-0.439706861192353,0.6699252837069507,22.330842767900847,OH,0.9497063668266132,0.9497044599677592,0.9507615757727622,0.9948094718190117,0.9485996351539865,0.8444039059984977,0.9463279363091511,0.8754808122372305,0.9513398523391552,0.917213393160407,0.9542697070263712,0.926596010420012,0.9538252926063374,0.9335569511846987,0.9578360608875867,0.9410419495462017,0.9614443193796788,0.9428632684783191,0.9446655837780912,0.9422119075247701,0.9393329230208319,0.02890450787789555,-0.08842141930382187,0.46477086891364416,15.49236228162911
WV,53.14222687498411,12.513509016787788,26.714749588881524,13.913968269314802,0.9694030360388834,0.9100227410930719,0.9652904750287143,0.9645371033166308,0.9989639061298954,1.0082009546261048,WV,0.022632195985184882,-0.3175707799766716,0.3754052708790389,12.513509016787788,WV,1.3,1.24,1.2040816326530612,1.0816326530612244,1.2083333333333333,3.25,1.1458333333333335,2.479166666666667,1.1041666666666667,2.1875,1.0204081632653061,1.9183673469387754,0.9795918367346937,1.7346938775510203,0.9199999999999999,1.58,0.8775510204081631,1.510204081632653,1.4285714285714284,1.3673469387755102,1.476872448979592,0.5396011334179114,-0.8467849057502824,0.8014424884678882,26.714749588881524,WV,0.9334713595583161,0.9395908211224773,0.9427781617138908,0.987007601935038,0.9445593711212246,0.8518824989656599,0.9427939754041729,0.8712173552577034,0.951570499515705,0.9204372492043725,0.95516191530584,0.9191807362302796,0.9580390527627751,0.9221714443982827,0.9594162612925642,0.9323141070187629,0.9638873396542107,0.9383714445064137,0.9441958041958042,0.9391948560246016,0.9358620927594048,0.02890450787789555,-0.20850062203888808,0.4174190484968631,13.913968269314802
WI,53.01195769908492,10.939155049838888,24.079753458350673,17.993049190895356,0.9665199583660744,0.8972366208294981,0.9691388815919144,0.9749460780530808,0.9921347129078967,0.9991434984479822,WI,0.022632195985184882,-0.44495911094978247,0.3281746518233413,10.939155049838888,WI,1.225806451612903,1.225806451612903,1.1874999999999998,1.0,1.21875,4.625,1.1818181818181819,3.151515151515152,1.1818181818181819,2.606060606060606,1.1470588235294117,2.1176470588235294,1.1470588235294117,1.7941176470588234,1.0,1.5294117647058825,0.9696969696969698,1.4545454545454546,1.3333333333333335,1.2121212121212122,1.615453305589098,0.5396011334179114,-0.5899639911393086,0.7223926044729128,24.079753458350673,WI,0.9492222779729051,0.9503852596314908,0.952954560663856,0.9967208726494011,0.9563136047134441,0.8670326727370113,0.9585846401286691,0.8851695483179197,0.9591379886401603,0.9114934847978616,0.9655218539945823,0.9294385178744607,0.9628439445671821,0.9418223204123987,0.9651541067176445,0.9479491565214475,0.9623979660109729,0.9438311253847185,0.9427949790794978,0.9467611945289769,0.9447765037672303,0.02890450787789555,0.09990840002381726,0.5397914762666521,17.993049190895356
NH,52.68532039412427,22.559539769361137,14.33634427194793,15.789436352815201,0.986972441786617,0.9128419830658028,0.9866931880348622,0.9937130610193069,1.0156205308107134,1.0259934460023996,NH,0.022632195985184882,0.4587306341342072,0.6767861937576203,22.559539769361137,NH,1.3846153846153846,1.2692307692307692,1.1538461538461537,1.0384615384615385,1.0769230769230769,6.153846153846153,1.1153846153846154,5.153846153846154,1.1153846153846154,3.9615384615384617,1.1153846153846154,3.115384615384615,1.1538461538461537,2.5384615384615383,1.1153846153846154,2.1153846153846154,1.1153846153846154,1.8076923076923077,1.6153846153846154,1.4615384615384615,2.0288461538461537,0.5396011334179114,0.176144199995439,0.4300903285885282,14.33634427194793,NH,0.9501685475597245,0.956203310385235,0.9628165715122238,0.9982433025911286,0.963076923076923,0.838974358974359,0.9609249231669839,0.8631640567832577,0.9557147033031277,0.892429114294066,0.9643587496348233,0.9119193689745836,0.9622173595915391,0.9288110867979578,0.9661462133372247,0.9426528527652124,0.9696261682242991,0.9385221962616823,0.9409017948343791,0.9327400058360081,0.9399805803952368,0.02890450787789555,-0.06601462458720418,0.47368309105813916,15.789436352815201
NM,52.24980623851415,19.944046819035343,22.707297665884795,9.598461753594007,0.9822258820596488,0.9271942522336224,0.9798309095215042,0.977403273902098,1.0121576410425672,1.0145433335984517,NM,0.022632195985184882,0.2490046433344032,0.5983214051693817,19.944046819035343,NM,1.673076923076923,1.627450980392157,1.627450980392157,1.058823529411765,1.5882352941176472,1.9607843137254903,1.58,2.0,1.58,1.9600000000000002,1.52,2.5,1.44,1.86,1.3800000000000001,1.72,1.3265306122448979,1.7346938775510203,1.7346938775510203,1.72,1.679587019423154,0.5396011334179114,-0.47111006392862304,0.6812189306577627,22.707297665884795,NM,0.9177581120943952,0.9218823529411765,0.9297874838558177,1.0086885053422567,0.9274885415442473,0.8911740510048184,0.9349126304679254,0.8885891872874399,0.9376465072667604,0.9072902015939991,0.9409361503443445,0.9095365939068519,0.9452022851812988,0.9081263845167307,0.9460812856643763,0.9161523232793758,0.9501162790697675,0.9156976744186046,0.9131698244798326,0.9041700545940295,0.9257203214427026,0.02890450787789555,-0.5593722355444778,0.2879538528957741,9.598461753594007
VA,50.29669843325476,18.421993389967998,11.18028858510259,20.694416458184175,0.9795865057811126,0.9214795151826031,0.976209361707698,0.9852437826421353,1.002604433159532,1.0123954362135945,VA,0.022632195985184882,0.13238421992237945,0.5526598022516997,18.421993389967998,VA,1.8275862068965518,1.793103448275862,1.8214285714285714,0.9285714285714287,1.6785714285714288,4.0357142857142865,1.6666666666666665,3.148148148148148,1.6538461538461537,3.3846153846153846,1.6153846153846154,3.0384615384615383,1.5384615384615383,2.692307692307692,1.4615384615384615,2.5384615384615383,1.44,2.44,2.32,2.2399999999999998,2.1631433553674935,0.5396011334179114,0.42502655624751334,0.33540865788848634,11.18028858510259,VA,0.9650134944412807,0.9620553946684489,0.9604437416613134,1.0054850027177942,0.9611775165464783,0.8917810925614936,0.9604087475934244,0.896776422964901,0.9608297201418999,0.9124458021284984,0.9607355620107331,0.9252867904091379,0.9658556985068019,0.9423384418587488,0.9694992861011276,0.9492393284427159,0.9706906700676935,0.9511919945060335,0.9530824855987253,0.9512966321878523,0.950781691255755,0.02890450787789555,0.3076679479079396,0.6208324943663578,20.694416458184175
OR,49.7832220318299,18.72896969048057,17.94865392342152,13.10559841792781,0.9801144135793379,0.9091643076159553,0.9781296287627197,0.9831513648656562,1.0097537827170153,1.0203729839353435,OR,0.022632195985184882,0.1557097424907985,0.5618690912762863,18.72896969048057,OR,1.4761904761904763,1.4878048780487805,1.5,0.9,1.512820512820513,3.3846153846153846,1.5263157894736843,3.0789473684210527,1.5135135135135134,2.7837837837837838,1.4054054054054055,2.5945945945945943,1.3888888888888888,2.3333333333333335,1.342857142857143,2.142857142857143,1.2941176470588236,2.058823529411765,2.0,1.9090909090909092,1.8816980150182594,0.5396011334179114,-0.0965537795210917,0.5384596182411052,17.94865392342152,OR,0.9280756773430673,0.9385955867189112,0.9459209376445792,1.006734179818023,0.9461206896551724,0.8659174876847291,0.9466864693229541,0.8729386459080201,0.9498463114754098,0.9,0.9574446319881337,0.9181627538233338,0.9600326680618652,0.9246082384768517,0.9598510356086113,0.9274053667993062,0.9615619902120719,0.9279669657422512,0.9291094147582697,0.9140910939406263,0.9340535072491093,0.02890450787789555,-0.27107167558997103,0.39316795293100226,13.10559841792781
ND,48.66970053117804,23.986182184890673,12.64041068114716,12.043107665140203,0.989753483036498,0.9306461088741456,0.9770699824419352,0.9767406423996371,1.0271135673910854,1.0371971140756875,ND,0.022632195985184882,0.5816105018987613,0.7195854662663057,23.986182184890673,ND,1.956521739130435,2.0869565217391304,1.9130434782608698,1.0,1.8260869565217392,3.782608695652174,1.7391304347826089,3.782608695652174,1.7391304347826089,2.695652173913044,1.625,2.5833333333333335,1.5,2.5416666666666665,1.5217391304347827,2.0434782608695654,1.434782608695652,2.0434782608695654,2.0434782608695654,2.1363636363636362,2.099752964426877,0.5396011334179114,0.30755017042324256,0.3792123208136271,12.64041068114716,ND,0.9345305751307116,0.936861230978878,0.9425652667423382,0.9959137343927355,0.9464366772582841,0.8760780753517929,0.9440543601359004,0.8930917327293318,0.9442682374263707,0.9023561395559584,0.9453762466001814,0.9127379873073436,0.942107643600181,0.9208502939846224,0.946878547105562,0.9280363223609535,0.9460806524694156,0.9243316719528772,0.9244212437585111,0.9255729521216247,0.9316274795481787,0.02890450787789555,-0.35500417882369223,0.3612932303154993,12.043107665140203
MN,48.28360225537572,14.37149020425958,21.71557773018218,12.196534320933955,0.9726645663965783,0.9033917466162991,0.9668924172889518,0.9777258516869968,1.001364240748576,1.0139485756420676,MN,0.022632195985184882,-0.1734605769795855,0.4311447065589321,14.37149020425958,MN,1.40625,1.375,1.3125,1.09375,1.2812499999999998,2.8125,1.2903225806451613,3.645161290322581,1.2903225806451613,2.870967741935484,1.2580645161290323,2.451612903225806,1.225806451612903,2.129032258064516,1.1935483870967742,1.8709677419354838,1.129032258064516,1.7096774193548385,1.6129032258064515,1.5161290322580645,1.723739919354839,0.5396011334179114,-0.3892849950077809,0.6514673325569327,21.71557773018218,MN,0.9306511737246869,0.936293306424487,0.9424259738513763,1.0009410815716062,0.9464843618772467,0.8667316155474183,0.9466456777305156,0.8704156479217605,0.9479058555693194,0.8938698985570324,0.9532478832703056,0.909641578260433,0.9538235195773564,0.920052161701274,0.9609375,0.9267033261802575,0.9622565749849429,0.9319748377166567,0.9282485686543678,0.9103873062631808,0.9319818924692115,0.02890450787789555,-0.3427426685246773,0.3658960299939147,12.196534320933955
OK,47.34393685067121,5.344684587989267,22.174026907492387,19.82522535518956,0.9541152483449855,0.8894812878026087,0.9498449685424479,0.9501981108670232,0.996515290760864,0.9845365837519837,OK,0.022632195985184882,-0.9930592612493407,0.16034053780001856,5.344684587989267,OK,1.375,1.375,1.3870967741935483,1.032258064516129,1.3225806451612903,4.193548387096774,1.3,3.1666666666666665,1.2333333333333334,2.733333333333333,1.129032258064516,2.3225806451612905,1.064516129032258,2.032258064516129,0.9677419354838709,1.8387096774193548,0.8709677419354839,1.6774193548387097,1.5483870967741935,1.5,1.7035215053763442,0.5396011334179114,-0.4267541786813372,0.6652208078899924,22.174026907492387,OK,0.9530110562220654,0.9468428781204111,0.9543561161630977,0.9928424757993546,0.9530453133243448,0.8998768978251949,0.9543614712266089,0.9190473397078665,0.9572795023766211,0.9390293996831173,0.9554591806833499,0.9394596495340796,0.9598287590898429,0.9428219563687544,0.9656423763535265,0.9421714954638573,0.9672150342485802,0.9440313798957907,0.9444444444444444,0.9456324330657917,0.948819957979835,0.02890450787789555,0.2397984901677443,0.5947567612504435,19.82522535518956
DE,45.25497095974599,13.24875336698713,14.714321230446156,17.291896362312706,0.9707077915524878,0.918616470632322,0.9673069836147816,0.9757221767782138,0.9995676302335746,0.9923256965035467,DE,0.022632195985184882,-0.25992036397380497,0.3974626014070765,13.24875336698713,DE,1.7428571428571427,1.8,1.911764705882353,1.411764705882353,1.8823529411764708,3.9411764705882355,1.7352941176470589,3.9117647058823533,1.657142857142857,3.685714285714286,1.5555555555555554,2.305555555555556,1.4594594594594594,2.135135135135135,1.4210526315789476,2.0,1.358974358974359,1.4615384615384617,1.45,1.4390243902439026,2.0133063740407247,0.5396011334179114,0.14734555810416297,0.44142963735481433,14.714321230446156,DE,0.9531283594925822,0.951654490760636,0.9509635974304069,0.9961456102783726,0.9549646150546858,0.8563156766030453,0.9540279269602578,0.867454350161117,0.9590480274442539,0.9090909090909092,0.9662032085561497,0.9264171122994653,0.9647661755285074,0.9348708093102712,0.9633832976445396,0.9462526766595288,0.9685224839400428,0.9516059957173447,0.9442545920546775,0.9458939264328485,0.9432481920709821,0.02890450787789555,0.04703388983653287,0.5187568913881381,17.291896362312706
CO,43.279834822705524,19.119277894414285,2.4330639581164246,21.727492970174815,0.9807884465415189,0.9146042310301712,0.9708838385953743,0.9768508052985195,1.019066085356995,1.0225372724265345,CO,0.022632195985184882,0.1854917823168128,0.5735783374060069,19.119277894414285,CO,2.1999999999999997,2.206896551724138,2.285714285714286,1.6785714285714288,2.3703703703703702,4.481481481481481,2.3846153846153846,4.461538461538462,2.3846153846153846,4.346153846153847,2.346153846153846,2.8461538461538463,2.269230769230769,2.7307692307692304,2.2399999999999998,2.8,2.16,2.7600000000000002,2.7600000000000002,2.6538461538461537,2.718305552046931,0.5396011334179114,1.4538646410805824,0.07299191881648466,2.4330639581164246,CO,0.9633107348729288,0.9639190166305133,0.9665281041026568,1.014530995843123,0.9694186297817161,0.8800518694618543,0.9719411553641909,0.9041263006817367,0.9744104365278476,0.9194681384846966,0.975461656606065,0.9262063792549202,0.975470621791215,0.9338277239018824,0.979243196975641,0.9411890580976496,0.9820779590964157,0.9448086652889617,0.9426486294054824,0.9347354186683747,0.9531687345418934,0.02890450787789555,0.390251719831071,0.6518247897570693,21.727492970174815
MD,41.45386349502728,10.952754546492688,16.30942074227682,14.191688206257771,0.9665455056315251,0.9037982768443003,0.9563390642015072,0.9663099875539464,0.9997345353905522,1.0065456641673196,MD,0.022632195985184882,-0.44383030906650967,0.3285826367233633,10.952754546492688,MD,1.7297297297297298,1.7222222222222223,1.7222222222222223,0.9722222222222222,1.7714285714285716,2.5714285714285716,1.7428571428571427,2.5714285714285716,1.7714285714285716,2.457142857142857,1.7142857142857142,2.4857142857142853,1.7142857142857142,2.457142857142857,1.7058823529411764,2.058823529411765,1.6764705882352942,2.0,2.0606060606060606,2.0606060606060606,1.9482963922669807,0.5396011334179114,0.026867712992976203,0.48928262275758727,16.30942074227682,MD,0.9450430255260684,0.9458530762831411,0.9487327604881219,0.9927431583507833,0.9519953730480045,0.8599624060150376,0.954320407646995,0.8703697011311482,0.9530087408798671,0.8872715451852923,0.95942677688337,0.9122116738259394,0.9632865239522039,0.9179452005342769,0.9654001733603004,0.9259968217278243,0.9684381192577914,0.9319041614123581,0.9379437096832317,0.9377003132990025,0.9364776834245381,0.02890450787789555,-0.1872032289909321,0.4257506466134838,14.191688206257771
WY,40.98091647574016,1.295341668474004,26.028908976072746,13.65666583119341,0.93666562328434,0.8860849221949009,0.9357272434866516,0.9357807108682545,0.9646442807387199,0.9610909591331736,WY,0.022632195985184882,-1.7640681846462618,0.03886025009308037,1.295341668474004,WY,1.3783783783783783,1.472222222222222,1.5142857142857142,1.457142857142857,1.542857142857143,1.5714285714285714,1.542857142857143,2.4285714285714284,1.5,2.055555555555556,1.4054054054054055,1.8378378378378377,1.2894736842105265,1.6315789473684212,1.1842105263157896,1.5000000000000002,1.0512820512820513,1.3846153846153848,1.325,1.2380952380952381,1.5155399044214835,0.5396011334179114,-0.7751255762063167,0.7808672700630497,26.028908976072746,WY,0.9459459459459458,0.9451156368657232,0.9455360220613581,0.9924164081351257,0.9496898690558236,0.9055823569951759,0.9380804953560371,0.9016167870657036,0.9357609069048436,0.9062177945723119,0.9358930407953377,0.9105245114844019,0.9355060034305317,0.9210977701543739,0.9409137753349363,0.9288904156647199,0.9453608247422681,0.936426116838488,0.9420689655172413,0.9431426602343211,0.9352893153577334,0.02890450787789555,-0.22831681832533007,0.4096999753455023,13.65666583119341
CA,38.88094410599097,22.513332483074713,7.553585895336112,8.814025727580145,0.986885152630087,0.9158743321633689,0.9776812396228822,0.9773056959920675,1.0282215859429202,1.0353429094291962,CA,0.022632195985184882,0.45487377655895733,0.6753999751676414,22.513332483074713,CA,2.0930232558139537,1.9767441860465118,1.9761904761904763,1.0714285714285714,1.9512195121951221,3.9024390243902443,1.878048780487805,3.804878048780488,1.853658536585366,3.439024390243903,1.853658536585366,3.2195121951219514,1.829268292682927,3.0000000000000004,1.829268292682927,2.5853658536585367,1.7804878048780488,2.3902439024390247,2.1219512195121952,2.2142857142857144,2.338534829700457,0.5396011334179114,0.7500656702723645,0.22660757708669094,7.553585895336112,CA,0.9161279513798621,0.9240303278593933,0.9304190988769094,1.0075026362950112,0.9356281994437503,0.8606381324749659,0.9398041391842391,0.8702005186918843,0.9427014237062306,0.896590341310453,0.947347303741746,0.8978700476889214,0.9515481799082941,0.9020487838387076,0.9539438311502602,0.9079734599325059,0.9579190817462809,0.9115952374154127,0.911898362224095,0.9079199968098984,0.9236853526839409,0.02890450787789555,-0.629775397824845,0.26442077209182513,8.814025727580145
PA,35.726845566501524,9.331724217211733,17.574489512621945,8.820631836667845,0.963396131261859,0.897658091969924,0.957396247042871,0.9660250531636245,0.9948749304949551,1.0010263336379202,PA,0.022632195985184882,-0.5829849174716201,0.2799517267963037,9.331724217211733,PA,1.6976744186046513,1.7209302325581397,1.6976744186046513,1.1860465116279069,1.6511627906976745,3.7674418604651163,1.627906976744186,3.1395348837209305,1.5681818181818181,3.0227272727272725,1.477272727272727,2.954545454545454,1.4222222222222223,2.2666666666666666,1.347826086956522,1.5434782608695652,1.3043478260869565,1.5217391304347827,1.5106382978723403,1.5106382978723403,1.896932807736596,0.5396011334179114,-0.06832034601839106,0.5272346859058931,17.574489512621945,PA,0.9327104349264098,0.935246443929871,0.9365184218783544,0.9987449011609664,0.935134599831647,0.8191361183092082,0.9385410304240883,0.8509830463707347,0.940995940995941,0.8862983862983862,0.9453661751379849,0.907751874124722,0.9446062221344784,0.9133968379316585,0.9450113565291813,0.9221337107870567,0.9478741608529683,0.9257108068974595,0.9268886148787505,0.9210080718078548,0.9237028577603862,0.02890450787789555,-0.629169780302512,0.2646189553646543,8.820631836667845
AK,33.734570052520425,0.7009743714650364,28.135392729267423,4.898202951787966,0.9305804361467093,0.8847915888569622,0.9353373520741819,0.9459778302512933,0.9436648412696915,0.9431305682814175,AK,0.022632195985184882,-2.0329412158631226,0.021029231164980323,0.7009743714650364,AK,1.1379310344827587,1.157894736842105,1.1964285714285716,0.9107142857142857,1.2181818181818183,2.1454545454545455,1.222222222222222,2.148148148148148,1.222222222222222,2.0925925925925926,1.222222222222222,2.0370370370370368,1.1851851851851851,1.3333333333333333,1.1886792452830188,1.3207547169811322,1.173076923076923,1.25,1.3,1.3,1.388103942020406,0.5396011334179114,-1.0112925419683783,0.8440617827220844,28.135392729267423,AK,0.9219793564055859,0.9264884568651276,0.9272286234081262,0.996664645239539,0.927250682024856,0.862382540163686,0.925903431521409,0.8603097479501974,0.909310761789601,0.8591293833131801,0.9226118500604594,0.8666868198307134,0.9264082374318594,0.880678376741369,0.9233785822021117,0.8895927601809954,0.9391646489104117,0.9213075060532687,0.9227272727272727,0.9217944831767203,0.9115499082998244,0.02890450787789555,-1.049621479805607,0.14694608870058506,4.898202951787966
LA,30.066271376093365,2.727246551035961,21.680300059341622,5.658724765715782,0.9450648339561575,0.8845743296459538,0.9462233266014154,0.9519855098872547,0.969460632606071,0.9730803710400928,LA,0.022632195985184882,-1.3929503895672675,0.08181739661289622,2.727246551035961,LA,1.6170212765957446,1.6521739130434783,1.6818181818181817,1.2045454545454544,1.6363636363636362,2.977272727272727,1.6511627906976745,3.046511627906977,1.5681818181818181,2.1363636363636362,1.4666666666666666,2.022222222222222,1.3191489361702127,1.7446808510638296,1.2083333333333333,1.6666666666666667,1.1020408163265305,1.6122448979591837,1.6122448979591837,1.58,1.7252832175578576,0.5396011334179114,-0.3864249228036269,0.6504090024306577,21.680300059341622,LA,0.9188282423635453,0.9182304959215334,0.9194889779559118,0.9875250501002003,0.9179597557313045,0.8557413154469916,0.9178439034164914,0.86804929365795,0.9225861549281624,0.8892293780769617,0.9302044516064055,0.9019035149561889,0.9276497464477581,0.907415775468193,0.9134842173934862,0.9049530787373914,0.9313479308959421,0.9133186018481317,0.9179201764941837,0.9219558771797577,0.9142817969313246,0.02890450787789555,-0.9551072039341472,0.1697617431412352,5.658724765715782
MI,29.948726789129843,10.61329536732832,14.560823462012927,4.774607959788595,0.9659038711186412,0.892937739766403,0.9640745369500059,0.9726004004427625,0.9902991523021691,1.009607526131865,MI,0.022632195985184882,-0.4721808285346126,0.31839886133824846,10.61329536732832,MI,1.3571428571428572,1.2380952380952381,1.2142857142857142,0.8809523809523809,1.1666666666666667,5.6190476190476195,1.1904761904761905,4.9523809523809526,1.1904761904761905,3.3571428571428568,1.1707317073170733,2.1951219512195124,1.1463414634146343,2.073170731707317,1.575,2.05,1.564102564102564,2.076923076923077,2.1578947368421053,2.216216216216216,2.019608455720458,0.5396011334179114,0.15902470644066694,0.4368247042972125,14.560823462012927,MI,0.9139053454373437,0.9274885680174801,0.9300693006930071,0.9933174331743317,0.9265596505842358,0.7649323457234842,0.9269874147285949,0.7926694733998245,0.9310274944268055,0.8688103762750795,0.9382218519936061,0.8970439246234551,0.9371827696177513,0.9081210977855634,0.9415892580013944,0.9180855131463529,0.955050082528772,0.9257693264295567,0.920920088141386,0.903846153846154,0.9110798734287091,0.02890450787789555,-1.0658831256741654,0.14323823893689608,4.774607959788595
VT,28.647174451462394,10.019430509865218,14.689979704982974,3.937764236614204,0.964759951798038,0.891819473032097,0.9690533859118842,0.9699972529200136,0.9909619958504123,1.0019676512757834,VT,0.022632195985184882,-0.5227247227882686,0.3005829155965395,10.019430509865218,VT,1.4545454545454546,1.3636363636363635,1.3181818181818181,1.1818181818181817,1.3181818181818181,6.727272727272727,1.3636363636363635,4.2272727272727275,1.409090909090909,3.5,1.3043478260869565,2.7826086956521743,1.3043478260869565,2.347826086956522,1.1666666666666667,1.9166666666666665,1.1199999999999999,1.6,1.48,1.4,2.014305006587615,0.5396011334179114,0.1491962446299028,0.4406993915901886,14.689979704982974,VT,0.9103579347481786,0.9059640265067846,0.9083202511773941,0.9808477237048665,0.9192938209331653,0.7912988650693569,0.9279620853080568,0.8420221169036335,0.9303498266624645,0.8597541758588088,0.9507109004739336,0.8758293838862559,0.945253164556962,0.8914556962025316,0.9356168728195369,0.9127814779575008,0.9368855058674277,0.9092927370758007,0.910272669625872,0.9088310038119441,0.9076550119575237,0.02890450787789555,-1.184371960898532,0.11813292721655905,3.937764236614204
IL,27.84311204429804,8.454315963992187,9.37008026397581,10.018715816330042,0.961582684112717,0.8918430449692226,0.9524308101222916,0.9638428214117801,0.9947775965748104,1.0050191474854806,IL,0.022632195985184882,-0.6631117929338637,0.25362947917339507,8.454315963992187,IL,1.7111111111111112,1.6444444444444446,1.6136363636363635,0.8409090909090908,1.6904761904761902,3.9285714285714284,1.7317073170731707,3.75609756097561,1.8,3.55,1.8205128205128205,3.076923076923077,1.842105263157895,2.9210526315789473,1.6756756756756757,2.810810810810811,1.6666666666666665,2.25,2.314285714285714,2.2857142857142856,2.2465350226261656,0.5396011334179114,0.5795697217343189,0.2811024082003767,9.37008026397581,IL,0.9252055376669227,0.9325215626585489,0.9359952928100943,0.9954889430070444,0.9347137915279682,0.8678611056719536,0.935873575603226,0.8701146047605055,0.9394443628770454,0.8866376286725722,0.9452742808688279,0.9071489139651686,0.9465735999217195,0.919077595485828,0.9493274128248661,0.9232728222541465,0.955473976178822,0.9244248653940285,0.9216067114970294,0.9195197938245225,0.9267778188735422,0.02890450787789555,-0.522786335680453,0.30056147479046275,10.018715816330042
RI,26.95533228156905,13.568472047034495,7.588149070175137,5.798711164359418,0.9712688661861648,0.9136419746095742,0.9710758119768576,0.9767971313492203,0.9913017066271808,1.0035277063679913,RI,0.022632195985184882,-0.23512937002676018,0.407054161818089,13.568472047034495,RI,1.8947368421052633,1.9729729729729728,1.9444444444444444,1.1111111111111112,1.8,4.971428571428571,1.7142857142857142,3.685714285714286,1.6388888888888888,3.0277777777777777,1.5833333333333333,3.888888888888889,1.611111111111111,3.5,1.4444444444444444,3.0277777777777777,1.5,2.0277777777777777,2.1944444444444446,2.1944444444444446,2.3366791415475623,0.5396011334179114,0.746626670540951,0.22764447233289858,7.588149070175137,RI,0.919594997022037,0.9231074905622889,0.929011731954663,0.9982103797971764,0.9294795391338896,0.7930075486690504,0.9322606277314264,0.8230035756853398,0.9366309098132698,0.8661104489471594,0.9453140479492769,0.8852783831979394,0.9467537608867775,0.9051860649247823,0.9545815152717176,0.9174930583101945,0.9498513379583746,0.9155599603567889,0.9174747674648723,0.9072532699167657,0.9147581707776894,0.02890450787789555,-0.9386262505694616,0.17396133510474387,5.798711164359418
MA,23.184117867893907,14.890752775141644,2.941053493046306,5.352311599705955,0.9735588649599733,0.9065040611067616,0.9709843957930969,0.9672146759407871,1.0082408862996073,1.014850305659614,MA,0.022632195985184882,-0.13394613640207906,0.4467225837009719,14.890752775141644,MA,2.4375,2.1875,2.161290322580645,0.8709677419354839,2.064516129032258,5.290322580645161,1.6666666666666667,5.1000000000000005,1.6333333333333335,4.933333333333334,1.6333333333333335,3.266666666666667,1.6666666666666667,3.1,1.7333333333333334,2.966666666666667,1.8275862068965518,2.931034482758621,2.896551724137931,2.896551724137931,2.6631910456062293,0.5396011334179114,1.3517252958727652,0.08823160487962078,2.941053493046306,MA,0.9244219298962334,0.92784149589607,0.9308266594271752,1.0043165467625899,0.9307908839928545,0.8232284956422887,0.9314406115778383,0.8348145546881331,0.9332559958993175,0.8537782933606712,0.9436388140161726,0.8756064690026955,0.9439954743817683,0.8940251064059049,0.9482707496563065,0.9006119093188129,0.9541867542891002,0.9010746316895148,0.9052512643925535,0.9028622155269812,0.913211942791149,0.02890450787789555,-0.9921206049128137,0.160569348151748,5.352311599705955
NJ,19.675886622589804,10.408447241891063,2.2666504709321447,7.000788909766595,0.9655125103434875,0.8965729855457955,0.9552890813977493,0.9628304375756176,1.0030561803258076,1.0098138668724674,NJ,0.022632195985184882,-0.48947304248547513,0.3122534175689853,10.408447241891063,NJ,2.1666666666666665,2.2285714285714286,2.235294117647059,1.1176470588235294,2.272727272727273,5.030303030303031,2.25,5.15625,2.25,5.09375,2.2121212121212124,3.9696969696969697,2.1176470588235294,3.235294117647059,2.0285714285714285,2.2285714285714286,2.0,2.2,2.833333333333333,2.138888888888889,2.7382667006196417,0.5396011334179114,1.4908570551740705,0.06799951419596385,2.2666504709321447,NJ,0.9240348990080076,0.9261736948990563,0.9299367617229448,1.0015988545519627,0.9304843440726874,0.8376219206829942,0.9362830589865495,0.8407673746326779,0.939071774212772,0.8521370169960192,0.9414547183265984,0.8805324459234609,0.9462094549605251,0.89774564824503,0.9535293417450303,0.91905725508868,0.9577206757078278,0.9189864382583869,0.9195211173927502,0.9187705034945086,0.9185818649454234,0.02890450787789555,-0.8063391283016538,0.21002366750302154,7.000788909766595
CT,19.430973640943044,2.6043782809170577,8.320428773994507,8.506166586031478,0.9445034814260588,0.8788341801591417,0.9401776654673593,0.9539125438129215,0.9720460976021689,0.977546920088702,CT,0.022632195985184882,-1.4177536623237497,0.07813134850564309,2.6043782809170577,CT,2.189189189189189,2.2972972972972974,2.305555555555556,1.0555555555555556,2.25,2.388888888888889,2.314285714285714,3.257142857142857,2.2,3.257142857142857,2.085714285714286,3.2285714285714286,2.0,2.3333333333333335,1.8888888888888888,2.305555555555556,1.777777777777778,2.2777777777777777,2.2777777777777777,2.2777777777777777,2.298411625911626,0.5396011334179114,0.6757085177314036,0.2496128634694481,8.320428773994507,CT,0.9273156342182891,0.9287062153555845,0.9319374815688587,0.9928044824535535,0.9316012725344645,0.8270884882761871,0.936870026525199,0.847332743884468,0.9391381345926801,0.8801062573789847,0.9435184639849225,0.8981683255786559,0.9471261654667769,0.9143750737637201,0.9497289014615747,0.9247996228194248,0.9522351139643088,0.9292066670593085,0.9275242861348248,0.9276560562215792,0.9228619706621684,0.02890450787789555,-0.6582616818761381,0.25518499783612936,8.506166586031478
NY,17.451898014036324,11.442531164145795,4.610016653245641,1.3993501966448898,0.9674573901360402,0.9019855848899987,0.9551223835581873,0.9624747207719252,1.0040511219330777,1.013653139527012,NY,0.022632195985184882,-0.40353883646208394,0.34327593526764977,11.442531164145795,NY,2.2,2.2820512820512824,2.153846153846154,1.0,2.1578947368421053,4.2631578947368425,2.0526315789473686,4.131578947368421,2.0263157894736845,3.947368421052632,2.0,3.8684210526315788,1.9473684210526319,3.0789473684210527,1.868421052631579,2.6315789473684212,1.8157894736842106,2.289473684210526,2.351351351351351,2.351351351351351,2.52087737535106,0.5396011334179114,1.0879866536765674,0.1383004997356697,4.610016653245641,NY,0.8990946096978273,0.900231614331393,0.9050944148528315,0.9946121681167126,0.9066580900746367,0.8017479911375215,0.907171831734257,0.8185738078451809,0.9080492636996792,0.8398317027838482,0.9120609939067332,0.8534451963215856,0.9134343588958621,0.8723404255319149,0.9165935657602156,0.8922254635957487,0.9220872051465332,0.8934647196977433,0.8923321576382802,0.8896968831592689,0.8919373231963886,0.02890450787789555,-1.7281518040819221,0.0419805059413272,1.3993501966448898
NV,4.639023138900423,0.6224195579836312,1.1317919195836759,2.8848116613331154,0.929470798045123,0.8483643796097703,0.9259129960106509,0.9366462352327785,0.959301799706838,0.9771285796655775,NV,0.022632195985184882,-2.0819703998765804,0.018672586758181526,0.6224195579836312,NV,2.0238095238095237,2.048780487804878,1.975609756097561,1.5609756097560978,2.0,7.375,2.0,6.282051282051282,2.0,3.948717948717949,1.9743589743589745,4.256410256410257,1.9743589743589745,3.717948717948718,1.973684210526316,3.4210526315789473,1.9729729729729728,3.243243243243243,2.351351351351351,2.2777777777777777,2.9189051859382404,0.5396011334179114,1.8256200386659853,0.033953757621464034,1.1317919195836759,NV,0.915226513050281,0.9160224129370876,0.9206911202379267,1.0133125619600623,0.9247843913473774,0.786370705499788,0.9317716785437098,0.7801453467861427,0.9403079966092116,0.8457897711217859,0.9420748873873874,0.8692286036036037,0.9438557091725736,0.8752193136360445,0.9480064466400394,0.8865531497442366,0.9540398740818468,0.8864637985309549,0.884735635378309,0.8856152512998267,0.9025107583784097,0.02890450787789555,-1.3623460541038377,0.08654434992653781,2.8848116613331154
HI,0.015306049072309088,0.010910144915294507,3.965420651431243e-05,0.004356249950500269,0.899461721019331,0.8359951692841493,0.8956362334335223,0.9013233529627342,0.9229509902711537,0.9414028591450951,HI,0.022632195985184882,-3.4079167218965947,0.00032730434778613956,0.010910144915294507,HI,3.814814814814815,3.407407407407407,3.4999999999999996,0.8076923076923077,3.269230769230769,8.423076923076922,3.2,8.76,3.08,5.64,2.92,5.64,2.916666666666667,5.875,2.869565217391304,6.434782608695653,2.8636363636363633,6.363636363636363,4.904761904761905,4.904761904761905,4.479751662588619,0.5396011334179114,4.718213067082645,1.1896261966189991e-06,3.965420651431243e-05,HI,0.8250950570342205,0.8274134790528234,0.839185286517708,0.9958960328317374,0.8518462239781188,0.7746543078559489,0.8605323193916349,0.7744486692015209,0.8715372907153729,0.8019786910197869,0.8837103385456201,0.8043115226962197,0.8752279635258359,0.8010638297872341,0.8704208295488949,0.7726309415682712,0.8744884038199181,0.7917235106866757,0.808836926814455,0.8222525804493019,0.8363627102520649,0.02890450787789555,-3.650848885765292,0.00013068749864569558,0.004356249950500269
